-- phpMyAdmin SQL Dump
-- version 4.9.2
-- https://www.phpmyadmin.net/
--
-- Gép: 127.0.0.1:3308
-- Létrehozás ideje: 2021. Már 29. 17:19
-- Kiszolgáló verziója: 8.0.18
-- PHP verzió: 7.3.12

SET SQL_MODE = "NO_AUTO_VALUE_ON_ZERO";
SET AUTOCOMMIT = 0;
START TRANSACTION;
SET time_zone = "+00:00";


/*!40101 SET @OLD_CHARACTER_SET_CLIENT=@@CHARACTER_SET_CLIENT */;
/*!40101 SET @OLD_CHARACTER_SET_RESULTS=@@CHARACTER_SET_RESULTS */;
/*!40101 SET @OLD_COLLATION_CONNECTION=@@COLLATION_CONNECTION */;
/*!40101 SET NAMES utf8mb4 */;

--
-- Adatbázis: `animal_db`
--

-- --------------------------------------------------------

--
-- Tábla szerkezet ehhez a táblához `animal`
--

DROP TABLE IF EXISTS `animal`;
CREATE TABLE IF NOT EXISTS `animal` (
  `ear_tag` char(12) NOT NULL,
  `mother_id` char(12) DEFAULT NULL,
  `name` varchar(250) DEFAULT NULL,
  `sex` tinyint(1) NOT NULL,
  `birthdate` bigint(20) NOT NULL,
  `deathdate` bigint(20) DEFAULT NULL,
  `species_id` int(11) NOT NULL,
  `breed_id` int(11) NOT NULL,
  `color_id` int(11) NOT NULL,
  `twinning` tinyint(1) NOT NULL,
  `calving_id` int(11) NOT NULL,
  `calving_weight` int(11) NOT NULL,
  `isAccepted` tinyint(1) NOT NULL,
  `insemination_date` bigint(20) DEFAULT NULL,
  PRIMARY KEY (`ear_tag`),
  KEY `FK_animal_species_id` (`species_id`),
  KEY `FK_animal_breed_id` (`breed_id`),
  KEY `FK_animal_color_id` (`color_id`),
  KEY `FK_animal_calving_id` (`calving_id`)
) ENGINE=MyISAM DEFAULT CHARSET=utf8;

--
-- A tábla adatainak kiíratása `animal`
--

INSERT INTO `animal` (`ear_tag`, `mother_id`, `name`, `sex`, `birthdate`, `deathdate`, `species_id`, `breed_id`, `color_id`, `twinning`, `calving_id`, `calving_weight`, `isAccepted`, `insemination_date`) VALUES
('7001123450', '7000103050', 'Böske', 0, 1617023460330, NULL, 1, 1, 1, 0, 1, 30, 1, NULL),
('7001123451', NULL, 'Bella', 0, 1612589370000, NULL, 1, 2, 1, 0, 2, 32, 1, NULL),
('7001123466', NULL, 'Lucas', 1, 1412789370000, NULL, 1, 1, 1, 0, 2, 40, 1, NULL),
('3333300000', '70610034012', '', 0, 1614553200000, 0, 1, 1, 1, 0, 0, 30, 0, 1616626800000),
('3333300033', '70610034012', 'Kelta', 0, 1519513200000, 0, 1, 4, 4, 0, 2, 24, 0, 0);

-- --------------------------------------------------------

--
-- Tábla szerkezet ehhez a táblához `animal_diseases`
--

DROP TABLE IF EXISTS `animal_diseases`;
CREATE TABLE IF NOT EXISTS `animal_diseases` (
  `id` int(11) NOT NULL AUTO_INCREMENT,
  `name` varchar(250) NOT NULL,
  PRIMARY KEY (`id`),
  UNIQUE KEY `name` (`name`)
) ENGINE=MyISAM AUTO_INCREMENT=3 DEFAULT CHARSET=utf8;

--
-- A tábla adatainak kiíratása `animal_diseases`
--

INSERT INTO `animal_diseases` (`id`, `name`) VALUES
(1, 'Ketózis'),
(2, 'Tejsav mérgezés - laktacidémia');

-- --------------------------------------------------------

--
-- Tábla szerkezet ehhez a táblához `animal_has_diseases`
--

DROP TABLE IF EXISTS `animal_has_diseases`;
CREATE TABLE IF NOT EXISTS `animal_has_diseases` (
  `id` int(11) NOT NULL AUTO_INCREMENT,
  `animal_ear_tag` char(12) NOT NULL,
  `animal_diseases_id` int(11) NOT NULL,
  `start_date` bigint(20) NOT NULL,
  `end_date` bigint(20) DEFAULT NULL,
  `comment` varchar(300) DEFAULT NULL,
  PRIMARY KEY (`id`),
  KEY `FK_animal_ear_tag` (`animal_ear_tag`),
  KEY `FK_animal_diseases_id` (`animal_diseases_id`)
) ENGINE=MyISAM AUTO_INCREMENT=15 DEFAULT CHARSET=utf8;

--
-- A tábla adatainak kiíratása `animal_has_diseases`
--

INSERT INTO `animal_has_diseases` (`id`, `animal_ear_tag`, `animal_diseases_id`, `start_date`, `end_date`, `comment`) VALUES
(1, '7001123450', 1, 1612789382187, 1613709080180, 'Ez egy nagyon hosszú megjegyzés lenne. Teszteljük a hosszú megjegyzéseket, ennél az oszlopnál.'),
(2, '7001123450', 1, 1612709080180, 1613709080180, 'Gyorsan lefolyó betegség. Sikeresen felépült az egyed. '),
(13, '3333300033', 2, 1519513200000, 1613084400000, ''),
(12, '3333300033', 1, 1612738800000, 1613689200000, '');

-- --------------------------------------------------------

--
-- Tábla szerkezet ehhez a táblához `breed`
--

DROP TABLE IF EXISTS `breed`;
CREATE TABLE IF NOT EXISTS `breed` (
  `id` int(11) NOT NULL AUTO_INCREMENT,
  `name` varchar(250) CHARACTER SET utf8 COLLATE utf8_general_ci NOT NULL,
  PRIMARY KEY (`id`),
  UNIQUE KEY `name` (`name`) USING BTREE
) ENGINE=MyISAM AUTO_INCREMENT=9 DEFAULT CHARSET=utf8;

--
-- A tábla adatainak kiíratása `breed`
--

INSERT INTO `breed` (`id`, `name`) VALUES
(1, 'Magyar szürke'),
(2, 'Magyar tarka'),
(3, 'Holstein-fríz'),
(4, 'Jersey'),
(5, 'Ayrshire'),
(6, 'Hereford'),
(7, 'Limousin'),
(8, 'Charolais');

-- --------------------------------------------------------

--
-- Tábla szerkezet ehhez a táblához `breeding`
--

DROP TABLE IF EXISTS `breeding`;
CREATE TABLE IF NOT EXISTS `breeding` (
  `id` int(11) NOT NULL,
  `name` varchar(250) DEFAULT NULL,
  `breeding_type` int(11) NOT NULL,
  `breeding_qualification` int(11) NOT NULL,
  `breeding_classification` int(11) NOT NULL,
  `isActive` tinyint(1) NOT NULL,
  PRIMARY KEY (`id`),
  KEY `FK_breeding_breeding_type_id` (`breeding_type`),
  KEY `FK_breeding_breeding_qualification_id` (`breeding_qualification`),
  KEY `FK_breeding_breeding_classification_id` (`breeding_classification`) USING BTREE
) ENGINE=MyISAM DEFAULT CHARSET=utf8;

--
-- A tábla adatainak kiíratása `breeding`
--

INSERT INTO `breeding` (`id`, `name`, `breeding_type`, `breeding_qualification`, `breeding_classification`, `isActive`) VALUES
(476836, NULL, 1, 6, 1, 1),
(490797, '', 1, 5, 2, 0),
(460510, 'Hatvani vágóhíd 001. Kft.', 2, 6, 1, 0),
(460520, 'Hatvani Keltető 1+1 ', 4, 6, 1, 0),
(460530, 'Hatvani Állatvásár', 6, 5, 1, 0);

-- --------------------------------------------------------

--
-- Tábla szerkezet ehhez a táblához `breeding_classification`
--

DROP TABLE IF EXISTS `breeding_classification`;
CREATE TABLE IF NOT EXISTS `breeding_classification` (
  `id` int(11) NOT NULL,
  `name` varchar(250) NOT NULL,
  PRIMARY KEY (`id`)
) ENGINE=MyISAM AUTO_INCREMENT=3 DEFAULT CHARSET=utf8;

--
-- A tábla adatainak kiíratása `breeding_classification`
--

INSERT INTO `breeding_classification` (`id`, `name`) VALUES
(1, 'Önálló tenyészet'),
(2, 'Megyei körzetbe sorolt tenyészet');

-- --------------------------------------------------------

--
-- Tábla szerkezet ehhez a táblához `breeding_has_animal`
--

DROP TABLE IF EXISTS `breeding_has_animal`;
CREATE TABLE IF NOT EXISTS `breeding_has_animal` (
  `id` int(11) NOT NULL AUTO_INCREMENT,
  `breeding_id` int(11) NOT NULL,
  `animal_ear_tag` char(12) NOT NULL,
  `start_date` bigint(20) NOT NULL,
  `end_date` bigint(20) DEFAULT NULL,
  PRIMARY KEY (`id`),
  KEY `FK_breeding_has_animal_breeding_id` (`breeding_id`),
  KEY `FK_breeding_has_animal_animal_ear_tag` (`animal_ear_tag`)
) ENGINE=MyISAM AUTO_INCREMENT=36 DEFAULT CHARSET=utf8;

--
-- A tábla adatainak kiíratása `breeding_has_animal`
--

INSERT INTO `breeding_has_animal` (`id`, `breeding_id`, `animal_ear_tag`, `start_date`, `end_date`) VALUES
(1, 476836, '7001123450', 1612789382187, NULL),
(2, 476836, '7001123451', 1612789382200, NULL),
(3, 476836, '7001123466', 1412789382187, 1612709080180),
(4, 490797, '7001123466', 1612709080180, NULL),
(18, 476836, '3333300000', 1614553200000, 0),
(26, 490797, '3333300033', 1614553200000, 0),
(32, 460510, '3333300033', 1541458800000, 1614466800000),
(33, 490797, '3333300033', 1519513200000, 1546642800000);

-- --------------------------------------------------------

--
-- Tábla szerkezet ehhez a táblához `breeding_qualification`
--

DROP TABLE IF EXISTS `breeding_qualification`;
CREATE TABLE IF NOT EXISTS `breeding_qualification` (
  `id` int(11) NOT NULL AUTO_INCREMENT,
  `name` varchar(250) CHARACTER SET utf8 COLLATE utf8_general_ci NOT NULL,
  PRIMARY KEY (`id`)
) ENGINE=MyISAM AUTO_INCREMENT=8 DEFAULT CHARSET=utf8;

--
-- A tábla adatainak kiíratása `breeding_qualification`
--

INSERT INTO `breeding_qualification` (`id`, `name`) VALUES
(4, 'EU-nak bejelentett gyűjtőállomás (rakodó)'),
(5, 'Kereskedőtelep'),
(6, 'Kistermelői élelmiszer termelési (vágási) engedéllyel rendelkező árutermelő'),
(7, 'Méhanyanevelő');

-- --------------------------------------------------------

--
-- Tábla szerkezet ehhez a táblához `breeding_type`
--

DROP TABLE IF EXISTS `breeding_type`;
CREATE TABLE IF NOT EXISTS `breeding_type` (
  `id` int(11) NOT NULL AUTO_INCREMENT,
  `name` varchar(250) CHARACTER SET utf8 COLLATE utf8_general_ci NOT NULL,
  PRIMARY KEY (`id`)
) ENGINE=MyISAM AUTO_INCREMENT=14 DEFAULT CHARSET=utf8;

--
-- A tábla adatainak kiíratása `breeding_type`
--

INSERT INTO `breeding_type` (`id`, `name`) VALUES
(1, 'Állattartó (árutermelő/kereskedő)'),
(2, 'Vágóhíd/Halfeldolgozó'),
(3, 'Karantén'),
(4, 'Keltető'),
(5, 'Mesterséges termékenyítő állomás'),
(6, 'Piac (állatvásár)'),
(7, 'Rakodó/gyűjtőállomás'),
(8, 'Áeü.intézmény'),
(9, 'Kiállítás'),
(10, 'Megsemmisítő'),
(11, 'Legelő'),
(12, 'Etető-/Itatóhely'),
(13, 'Pihentetőhely');

-- --------------------------------------------------------

--
-- Tábla szerkezet ehhez a táblához `calving`
--

DROP TABLE IF EXISTS `calving`;
CREATE TABLE IF NOT EXISTS `calving` (
  `id` int(11) NOT NULL,
  `name` varchar(250) NOT NULL,
  PRIMARY KEY (`id`)
) ENGINE=MyISAM DEFAULT CHARSET=utf8;

--
-- A tábla adatainak kiíratása `calving`
--

INSERT INTO `calving` (`id`, `name`) VALUES
(1, 'Könnyű, segítség nélkül'),
(2, 'Könnyű, segítséggel'),
(3, 'Nehéz, szaktechnikai beavatkozás nélkül'),
(4, 'Nehéz, szaktechnikai beavatkozással'),
(5, 'Műtéti beavatkozássa'),
(0, 'Nincs információ');

-- --------------------------------------------------------

--
-- Tábla szerkezet ehhez a táblához `capacity_type`
--

DROP TABLE IF EXISTS `capacity_type`;
CREATE TABLE IF NOT EXISTS `capacity_type` (
  `id` int(11) NOT NULL AUTO_INCREMENT,
  `name` varchar(250) CHARACTER SET utf8 COLLATE utf8_general_ci NOT NULL,
  PRIMARY KEY (`id`)
) ENGINE=MyISAM AUTO_INCREMENT=6 DEFAULT CHARSET=utf8;

--
-- A tábla adatainak kiíratása `capacity_type`
--

INSERT INTO `capacity_type` (`id`, `name`) VALUES
(1, 'Istálló hasznos m2'),
(2, 'Kifutó/karám hasznos m2'),
(3, 'Legelő ha'),
(4, 'Ketrec hasznos m2'),
(5, 'Tófelület ha');

-- --------------------------------------------------------

--
-- Tábla szerkezet ehhez a táblához `city`
--

DROP TABLE IF EXISTS `city`;
CREATE TABLE IF NOT EXISTS `city` (
  `id` int(11) NOT NULL AUTO_INCREMENT,
  `postal_code` char(4) NOT NULL,
  `name` varchar(250) NOT NULL,
  PRIMARY KEY (`id`)
) ENGINE=MyISAM AUTO_INCREMENT=3576 DEFAULT CHARSET=utf8;

--
-- A tábla adatainak kiíratása `city`
--

INSERT INTO `city` (`id`, `postal_code`, `name`) VALUES
(2, '8128', 'Aba'),
(3, '8127', 'Aba'),
(4, '5241', 'asd'),
(5, '7678', 'Abaliget'),
(6, '3261', 'Abasár'),
(7, '3882', 'Abaújalpár'),
(8, '3882', 'Abaújkér'),
(9, '3815', 'Abaújlak'),
(10, '3881', 'Abaújszántó'),
(11, '3809', 'Abaújszolnok'),
(12, '3898', 'Abaújvár'),
(13, '9151', 'Abda'),
(14, '3753', 'Abod'),
(15, '2740', 'Abony'),
(16, '8256', 'Ábrahámhegy'),
(17, '2941', 'Ács'),
(18, '2683', 'Acsa'),
(19, '9746', 'Acsád'),
(20, '9168', 'Acsalag'),
(21, '2887', 'Ácsteszér'),
(22, '3292', 'Adács'),
(23, '8653', 'Ádánd'),
(24, '8561', 'Adásztevel'),
(25, '2457', 'Adony'),
(26, '8497', 'Adorjánháza'),
(27, '7841', 'Adorjás'),
(28, '7381', 'Ág'),
(29, '6076', 'Ágasegyháza'),
(30, '9423', 'Ágfalva'),
(31, '3759', 'Aggtelek'),
(32, '9441', 'Agyagosszergény'),
(33, '4524', 'Ajak'),
(34, '8447', 'Ajka'),
(35, '8448', 'Ajka'),
(36, '8451', 'Ajka'),
(37, '8400', 'Ajka'),
(38, '2862', 'Aka'),
(39, '6221', 'Akasztó'),
(40, '3779', 'Alacska'),
(41, '7011', 'Alap'),
(42, '5142', 'Alattyán'),
(43, '2730', 'Albertirsa'),
(44, '8087', 'Alcsútdoboz'),
(45, '3353', 'Aldebrő'),
(46, '6750', 'Algyő'),
(47, '8921', 'Alibánfa'),
(48, '7934', 'Almamellék'),
(49, '2931', 'Almásfüzitő'),
(50, '8935', 'Almásháza'),
(51, '5747', 'Almáskamarás'),
(52, '7932', 'Almáskeresztúr'),
(53, '4285', 'Álmosd'),
(54, '3985', 'Alsóberecki'),
(55, '7443', 'Alsóbogát'),
(56, '3717', 'Alsódobsza'),
(57, '3837', 'Alsógagy'),
(58, '7345', 'Alsómocsolád'),
(59, '7147', 'Alsónána'),
(60, '2351', 'Alsónémedi'),
(61, '8924', 'Alsónemesapáti'),
(62, '7148', 'Alsónyék'),
(63, '8226', 'Alsóörs'),
(64, '8394', 'Alsópáhok'),
(65, '2617', 'Alsópetény'),
(66, '8767', 'Alsórajk'),
(67, '3989', 'Alsóregmec'),
(68, '8973', 'Alsószenterzsébet'),
(69, '7012', 'Alsószentiván'),
(70, '7826', 'Alsószentmárton'),
(71, '9983', 'Alsószölnök'),
(72, '3726', 'Alsószuha'),
(73, '3735', 'Alsótelekes'),
(74, '3069', 'Alsótold'),
(75, '9842', 'Alsóújlak'),
(76, '3811', 'Alsóvadász'),
(77, '3571', 'Alsózsolca'),
(78, '6916', 'Ambrózfalva'),
(79, '4546', 'Anarcs'),
(80, '8675', 'Andocs'),
(81, '3399', 'Andornaktálya'),
(82, '9811', 'Andrásfa'),
(83, '2529', 'Annavölgy'),
(84, '8477', 'Apácatorna'),
(85, '4553', 'Apagy'),
(86, '2345', 'Apaj'),
(87, '7186', 'Aparhant'),
(88, '6931', 'Apátfalva'),
(89, '9982', 'Apátistvánfalva'),
(90, '7720', 'Apátvarasd'),
(91, '3032', 'Apc'),
(92, '2338', 'Áporka'),
(93, '6088', 'Apostag'),
(94, '4634', 'Aranyosapáti'),
(95, '7671', 'Aranyosgadány'),
(96, '3885', 'Arka'),
(97, '3663', 'Arló'),
(98, '3713', 'Arnót'),
(99, '3467', 'Ároktő'),
(100, '6623', 'Árpádhalom'),
(101, '9132', 'Árpás'),
(102, '4115', 'Ártánd'),
(103, '6783', 'Ásotthalom'),
(104, '9177', 'Ásványráró'),
(105, '3841', 'Aszaló'),
(106, '2170', 'Aszód'),
(107, '8241', 'Aszófő'),
(108, '7763', 'Áta'),
(109, '3371', 'Átány'),
(110, '3213', 'Atkár'),
(111, '7252', 'Attala'),
(112, '7757', 'Babarc'),
(113, '7814', 'Babarcszőlős'),
(114, '7584', 'Babócsa'),
(115, '2943', 'Bábolna'),
(116, '8658', 'Bábonymegyer'),
(117, '8983', 'Babosdöbréte'),
(118, '9351', 'Babót'),
(119, '6430', 'Bácsalmás'),
(120, '6453', 'Bácsbokod'),
(121, '6454', 'Bácsborsód'),
(122, '6511', 'Bácsszentgyörgy'),
(123, '6425', 'Bácsszőlős'),
(124, '8261', 'Badacsonytomaj'),
(125, '8257', 'Badacsonytomaj'),
(126, '8258', 'Badacsonytomaj'),
(127, '8262', 'Badacsonytördemic'),
(128, '8263', 'Badacsonytördemic'),
(129, '2191', 'Bag'),
(130, '4286', 'Bagamér'),
(131, '8977', 'Baglad'),
(132, '8992', 'Bagod'),
(133, '9145', 'Bágyogszovát'),
(134, '2836', 'Baj'),
(135, '6503', 'Baja'),
(136, '6500', 'Baja'),
(137, '9944', 'Bajánsenye'),
(138, '2525', 'Bajna'),
(139, '2533', 'Bajót'),
(140, '8945', 'Bak'),
(141, '7585', 'Bakháza'),
(142, '7393', 'Bakóca'),
(143, '4164', 'Bakonszeg'),
(144, '7675', 'Bakonya'),
(145, '2885', 'Bakonybánk'),
(146, '8427', 'Bakonybél'),
(147, '8056', 'Bakonycsernye'),
(148, '8433', 'Bakonygyirót'),
(149, '8581', 'Bakonyjákó'),
(150, '8571', 'Bakonykoppány'),
(151, '8045', 'Bakonykúti'),
(152, '8422', 'Bakonynána'),
(153, '8418', 'Bakonyoszlop'),
(154, '9088', 'Bakonypéterd'),
(155, '8457', 'Bakonypölöske'),
(156, '8557', 'Bakonyság'),
(157, '2861', 'Bakonysárkány'),
(158, '8557', 'Bakonyszentiván'),
(159, '8430', 'Bakonyszentkirály'),
(160, '8431', 'Bakonyszentlászló'),
(161, '2884', 'Bakonyszombathely'),
(162, '8572', 'Bakonyszücs'),
(163, '8555', 'Bakonytamási'),
(164, '6768', 'Baks'),
(165, '7834', 'Baksa'),
(166, '3836', 'Baktakék'),
(167, '4561', 'Baktalórántháza'),
(168, '8946', 'Baktüttös'),
(169, '3780', 'Balajt'),
(170, '2660', 'Balassagyarmat'),
(171, '6764', 'Balástya'),
(172, '3347', 'Balaton'),
(173, '8243', 'Balatonakali'),
(174, '8220', 'Balatonalmádi'),
(175, '8649', 'Balatonberény'),
(176, '8691', 'Balatonboglár'),
(177, '8630', 'Balatonboglár'),
(178, '8272', 'Balatoncsicsó'),
(179, '8312', 'Balatonederics'),
(180, '8613', 'Balatonendréd'),
(181, '8646', 'Balatonfenyves'),
(182, '8164', 'Balatonfőkajár'),
(183, '8623', 'Balatonföldvár'),
(184, '8236', 'Balatonfüred'),
(185, '8230', 'Balatonfüred'),
(186, '8184', 'Balatonfűzfő'),
(187, '8175', 'Balatonfűzfő'),
(188, '8313', 'Balatongyörök'),
(189, '8275', 'Balatonhenye'),
(190, '8172', 'Balatonkenese'),
(191, '8174', 'Balatonkenese'),
(192, '8648', 'Balatonkeresztúr'),
(193, '8638', 'Balatonlelle'),
(194, '8753', 'Balatonmagyaród'),
(195, '8647', 'Balatonmáriafürdő'),
(196, '8637', 'Balatonőszöd'),
(197, '8255', 'Balatonrendes'),
(198, '8651', 'Balatonszabadi'),
(199, '8624', 'Balatonszárszó'),
(200, '8636', 'Balatonszemes'),
(201, '8710', 'Balatonszentgyörgy'),
(202, '8252', 'Balatonszepezd'),
(203, '8233', 'Balatonszőlős'),
(204, '8242', 'Balatonudvari'),
(205, '8712', 'Balatonújlak'),
(206, '8171', 'Balatonvilágos'),
(207, '8054', 'Balinka'),
(208, '8055', 'Balinka'),
(209, '4233', 'Balkány'),
(210, '6035', 'Ballószög'),
(211, '4060', 'Balmazújváros'),
(212, '9771', 'Balogunyom'),
(213, '6412', 'Balotaszállás'),
(214, '4468', 'Balsa'),
(215, '8614', 'Bálványos'),
(216, '2944', 'Bana'),
(217, '8443', 'Bánd'),
(218, '7914', 'Bánfa'),
(219, '3642', 'Bánhorváti'),
(220, '2653', 'Bánk'),
(221, '8891', 'Bánokszentgyörgy'),
(222, '3654', 'Bánréve'),
(223, '7711', 'Bár'),
(224, '4937', 'Barabás'),
(225, '2427', 'Baracs'),
(226, '2426', 'Baracs'),
(227, '2471', 'Baracska'),
(228, '4161', 'Báránd'),
(229, '7841', 'Baranyahidvég'),
(230, '7384', 'Baranyajenő'),
(231, '7383', 'Baranyaszentgyörgy'),
(232, '9169', 'Barbacs'),
(233, '7557', 'Barcs'),
(234, '7570', 'Barcs'),
(235, '7478', 'Bárdudvarnok'),
(236, '8948', 'Barlahida'),
(237, '3126', 'Bárna'),
(238, '8291', 'Barnag'),
(239, '2883', 'Bársonyos'),
(240, '7923', 'Basal'),
(241, '3881', 'Baskó'),
(242, '7149', 'Báta'),
(243, '7164', 'Bátaapáti'),
(244, '7140', 'Bátaszék'),
(245, '7258', 'Baté'),
(246, '6528', 'Bátmonostor'),
(247, '3078', 'Bátonyterenye'),
(248, '3070', 'Bátonyterenye'),
(249, '3151', 'Bátonyterenye'),
(250, '3336', 'Bátor'),
(251, '4343', 'Bátorliget'),
(252, '5830', 'Battonya'),
(253, '6351', 'Bátya'),
(254, '8797', 'Batyk'),
(255, '8887', 'Bázakerettye'),
(256, '8352', 'Bazsi'),
(257, '8565', 'Béb'),
(258, '8866', 'Becsehely'),
(259, '2693', 'Becske'),
(260, '3768', 'Becskeháza'),
(261, '8985', 'Becsvölgye'),
(262, '8666', 'Bedegkér'),
(263, '4128', 'Bedő'),
(264, '9683', 'Bejcgyertyános'),
(265, '8515', 'Békás'),
(266, '3903', 'Bekecs'),
(267, '5630', 'Békés'),
(268, '5623', 'Békéscsaba'),
(269, '5671', 'Békéscsaba'),
(270, '5600', 'Békéscsaba'),
(271, '5946', 'Békéssámson'),
(272, '5561', 'Békésszentandrás'),
(273, '3343', 'Bekölce'),
(274, '3346', 'Bélapátfalva'),
(275, '7589', 'Bélavár'),
(276, '7061', 'Belecska'),
(277, '9343', 'Beled'),
(278, '7543', 'Beleg'),
(279, '8855', 'Belezna'),
(280, '5643', 'Bélmegyer'),
(281, '2455', 'Beloiannisz'),
(282, '8978', 'Belsősárd'),
(283, '7747', 'Belvárdgyula'),
(284, '4643', 'Benk'),
(285, '2216', 'Bénye'),
(286, '3045', 'Bér'),
(287, '9831', 'Bérbaltavár'),
(288, '2687', 'Bercel'),
(289, '4934', 'Beregdaróc'),
(290, '4933', 'Beregsurány'),
(291, '4116', 'Berekböszörmény'),
(292, '5309', 'Berekfürdő'),
(293, '7827', 'Beremend'),
(294, '3704', 'Berente'),
(295, '3834', 'Beret'),
(296, '4103', 'Berettyóújfalu'),
(297, '4100', 'Berettyóújfalu'),
(298, '8182', 'Berhida'),
(299, '8181', 'Berhida'),
(300, '2641', 'Berkenye'),
(301, '7664', 'Berkesd'),
(302, '4521', 'Berkesz'),
(303, '2639', 'Bernecebaráti'),
(304, '3575', 'Berzék'),
(305, '7516', 'Berzence'),
(306, '7838', 'Besence'),
(307, '4557', 'Besenyőd'),
(308, '3373', 'Besenyőtelek'),
(309, '5071', 'Besenyszög'),
(310, '2456', 'Besnyő'),
(311, '4488', 'Beszterec'),
(312, '7782', 'Bezedek'),
(313, '9223', 'Bezenye'),
(314, '8934', 'Bezeréd'),
(315, '9162', 'Bezi'),
(316, '2051', 'Biatorbágy'),
(317, '7671', 'Bicsérd'),
(318, '2060', 'Bicske'),
(319, '4175', 'Bihardancsháza'),
(320, '4110', 'Biharkeresztes'),
(321, '4172', 'Biharnagybajom'),
(322, '4174', 'Bihartorda'),
(323, '5538', 'Biharugra'),
(324, '7043', 'Bikács'),
(325, '7346', 'Bikal'),
(326, '4235', 'Biri'),
(327, '7747', 'Birján'),
(328, '7811', 'Bisse'),
(329, '9625', 'Bő'),
(330, '9542', 'Boba'),
(331, '8943', 'Bocfölde'),
(332, '3368', 'Boconád'),
(333, '3574', 'Bőcs'),
(334, '6235', 'Bócsa'),
(335, '8776', 'Bocska'),
(336, '4241', 'Bocskaikert'),
(337, '7672', 'Boda'),
(338, '8053', 'Bodajk'),
(339, '8991', 'Böde'),
(340, '8969', 'Bödeháza'),
(341, '8085', 'Bodmér'),
(342, '7394', 'Bodolyabér'),
(343, '9134', 'Bodonhely'),
(344, '3243', 'Bodony'),
(345, '8471', 'Bodorfa'),
(346, '7439', 'Bodrog'),
(347, '3987', 'Bodroghalom'),
(348, '3916', 'Bodrogkeresztúr'),
(349, '3917', 'Bodrogkisfalud'),
(350, '3943', 'Bodrogolaszi'),
(351, '3768', 'Bódvalenke'),
(352, '3764', 'Bódvarákó'),
(353, '3763', 'Bódvaszilas'),
(354, '3412', 'Bogács'),
(355, '7742', 'Bogád'),
(356, '7836', 'Bogádmindszent'),
(357, '7966', 'Bogdása'),
(358, '9612', 'Bögöt'),
(359, '9675', 'Bögöte'),
(360, '7132', 'Bogyiszló'),
(361, '9324', 'Bogyoszló'),
(362, '8719', 'Böhönye'),
(363, '4114', 'Bojt'),
(364, '8741', 'Bókaháza'),
(365, '2855', 'Bokod'),
(366, '4231', 'Bököny'),
(367, '3066', 'Bokor'),
(368, '7025', 'Bölcske'),
(369, '3016', 'Boldog'),
(370, '7937', 'Boldogasszonyfa'),
(371, '3884', 'Boldogkőújfalu'),
(372, '3885', 'Boldogkőváralja'),
(373, '3794', 'Boldva'),
(374, '7517', 'Bolhás'),
(375, '7586', 'Bolhó'),
(376, '7754', 'Bóly'),
(377, '8992', 'Boncodfölde'),
(378, '7281', 'Bonnya'),
(379, '9073', 'Bőny'),
(380, '7187', 'Bonyhád'),
(381, '7150', 'Bonyhád'),
(382, '7158', 'Bonyhádvarasd'),
(383, '9152', 'Börcs'),
(384, '6795', 'Bordány'),
(385, '9554', 'Borgáta'),
(386, '7756', 'Borjád'),
(387, '6445', 'Borota'),
(388, '8885', 'Borsfa'),
(389, '3658', 'Borsodbóta'),
(390, '3426', 'Borsodgeszt'),
(391, '3462', 'Borsodivánka'),
(392, '3672', 'Borsodnádasd'),
(393, '3671', 'Borsodnádasd'),
(394, '3623', 'Borsodszentgyörgy'),
(395, '3796', 'Borsodszirák'),
(396, '2644', 'Borsosberény'),
(397, '8479', 'Borszörcsök'),
(398, '8428', 'Borzavár'),
(399, '8772', 'Börzönce'),
(400, '9167', 'Bősárkány'),
(401, '7811', 'Bosta'),
(402, '7475', 'Bőszénfa'),
(403, '4955', 'Botpalád'),
(404, '7900', 'Botykapeterd'),
(405, '9727', 'Bozsok'),
(406, '3994', 'Bózsva'),
(407, '9752', 'Bozzai'),
(408, '5527', 'Bucsa'),
(409, '9792', 'Bucsu'),
(410, '8925', 'Bucsuszentlászló'),
(411, '8893', 'Bucsuta'),
(412, '2093', 'Budajenő'),
(413, '2011', 'Budakalász'),
(414, '2092', 'Budakeszi'),
(415, '2040', 'Budaörs'),
(416, '1069', 'Budapest'),
(417, '1011', 'Budapest'),
(418, '1012', 'Budapest'),
(419, '1013', 'Budapest'),
(420, '1014', 'Budapest'),
(421, '1015', 'Budapest'),
(422, '1016', 'Budapest'),
(423, '1021', 'Budapest'),
(424, '1022', 'Budapest'),
(425, '1023', 'Budapest'),
(426, '1024', 'Budapest'),
(427, '1025', 'Budapest'),
(428, '1026', 'Budapest'),
(429, '1027', 'Budapest'),
(430, '1028', 'Budapest'),
(431, '1029', 'Budapest'),
(432, '1031', 'Budapest'),
(433, '1032', 'Budapest'),
(434, '1033', 'Budapest'),
(435, '1034', 'Budapest'),
(436, '1035', 'Budapest'),
(437, '1036', 'Budapest'),
(438, '1037', 'Budapest'),
(439, '1038', 'Budapest'),
(440, '1039', 'Budapest'),
(441, '1041', 'Budapest'),
(442, '1042', 'Budapest'),
(443, '1043', 'Budapest'),
(444, '1044', 'Budapest'),
(445, '1045', 'Budapest'),
(446, '1046', 'Budapest'),
(447, '1047', 'Budapest'),
(448, '1048', 'Budapest'),
(449, '1051', 'Budapest'),
(450, '1052', 'Budapest'),
(451, '1053', 'Budapest'),
(452, '1054', 'Budapest'),
(453, '1055', 'Budapest'),
(454, '1056', 'Budapest'),
(455, '1061', 'Budapest'),
(456, '1062', 'Budapest'),
(457, '1063', 'Budapest'),
(458, '1064', 'Budapest'),
(459, '1065', 'Budapest'),
(460, '1066', 'Budapest'),
(461, '1067', 'Budapest'),
(462, '1068', 'Budapest'),
(463, '1071', 'Budapest'),
(464, '1072', 'Budapest'),
(465, '1073', 'Budapest'),
(466, '1074', 'Budapest'),
(467, '1075', 'Budapest'),
(468, '1076', 'Budapest'),
(469, '1077', 'Budapest'),
(470, '1078', 'Budapest'),
(471, '1081', 'Budapest'),
(472, '1082', 'Budapest'),
(473, '1083', 'Budapest'),
(474, '1084', 'Budapest'),
(475, '1085', 'Budapest'),
(476, '1086', 'Budapest'),
(477, '1087', 'Budapest'),
(478, '1088', 'Budapest'),
(479, '1089', 'Budapest'),
(480, '1091', 'Budapest'),
(481, '1092', 'Budapest'),
(482, '1093', 'Budapest'),
(483, '1094', 'Budapest'),
(484, '1095', 'Budapest'),
(485, '1096', 'Budapest'),
(486, '1097', 'Budapest'),
(487, '1098', 'Budapest'),
(488, '1101', 'Budapest'),
(489, '1102', 'Budapest'),
(490, '1103', 'Budapest'),
(491, '1104', 'Budapest'),
(492, '1105', 'Budapest'),
(493, '1106', 'Budapest'),
(494, '1107', 'Budapest'),
(495, '1108', 'Budapest'),
(496, '1111', 'Budapest'),
(497, '1112', 'Budapest'),
(498, '1113', 'Budapest'),
(499, '1114', 'Budapest'),
(500, '1115', 'Budapest'),
(501, '1116', 'Budapest'),
(502, '1117', 'Budapest'),
(503, '1118', 'Budapest'),
(504, '1119', 'Budapest'),
(505, '1121', 'Budapest'),
(506, '1122', 'Budapest'),
(507, '1123', 'Budapest'),
(508, '1124', 'Budapest'),
(509, '1125', 'Budapest'),
(510, '1126', 'Budapest'),
(511, '1131', 'Budapest'),
(512, '1132', 'Budapest'),
(513, '1133', 'Budapest'),
(514, '1134', 'Budapest'),
(515, '1135', 'Budapest'),
(516, '1136', 'Budapest'),
(517, '1137', 'Budapest'),
(518, '1138', 'Budapest'),
(519, '1139', 'Budapest'),
(520, '1141', 'Budapest'),
(521, '1142', 'Budapest'),
(522, '1143', 'Budapest'),
(523, '1144', 'Budapest'),
(524, '1145', 'Budapest'),
(525, '1146', 'Budapest'),
(526, '1147', 'Budapest'),
(527, '1148', 'Budapest'),
(528, '1149', 'Budapest'),
(529, '1151', 'Budapest'),
(530, '1152', 'Budapest'),
(531, '1153', 'Budapest'),
(532, '1154', 'Budapest'),
(533, '1155', 'Budapest'),
(534, '1156', 'Budapest'),
(535, '1157', 'Budapest'),
(536, '1158', 'Budapest'),
(537, '1161', 'Budapest'),
(538, '1162', 'Budapest'),
(539, '1163', 'Budapest'),
(540, '1164', 'Budapest'),
(541, '1165', 'Budapest'),
(542, '1171', 'Budapest'),
(543, '1172', 'Budapest'),
(544, '1173', 'Budapest'),
(545, '1174', 'Budapest'),
(546, '1181', 'Budapest'),
(547, '1182', 'Budapest'),
(548, '1183', 'Budapest'),
(549, '1184', 'Budapest'),
(550, '1185', 'Budapest'),
(551, '1186', 'Budapest'),
(552, '1188', 'Budapest'),
(553, '1191', 'Budapest'),
(554, '1192', 'Budapest'),
(555, '1193', 'Budapest'),
(556, '1194', 'Budapest'),
(557, '1195', 'Budapest'),
(558, '1196', 'Budapest'),
(559, '1201', 'Budapest'),
(560, '1202', 'Budapest'),
(561, '1203', 'Budapest'),
(562, '1204', 'Budapest'),
(563, '1205', 'Budapest'),
(564, '1211', 'Budapest'),
(565, '1212', 'Budapest'),
(566, '1213', 'Budapest'),
(567, '1214', 'Budapest'),
(568, '1215', 'Budapest'),
(569, '1221', 'Budapest'),
(570, '1222', 'Budapest'),
(571, '1223', 'Budapest'),
(572, '1224', 'Budapest'),
(573, '1225', 'Budapest'),
(574, '1237', 'Budapest'),
(575, '1238', 'Budapest'),
(576, '1239', 'Budapest'),
(577, '1529', 'Budapest'),
(578, '6114', 'Bugac'),
(579, '6114', 'Bugacpusztaháza'),
(580, '2347', 'Bugyi'),
(581, '4483', 'Buj'),
(582, '3047', 'Buják'),
(583, '9740', 'Bük'),
(584, '9737', 'Bük'),
(585, '3422', 'Bükkábrány'),
(586, '3554', 'Bükkaranyos'),
(587, '3648', 'Bükkmogyorósd'),
(588, '7682', 'Bükkösd'),
(589, '3335', 'Bükkszék'),
(590, '3257', 'Bükkszenterzsébet'),
(591, '3557', 'Bükkszentkereszt'),
(592, '3346', 'Bükkszentmárton'),
(593, '3414', 'Bükkzsérc'),
(594, '7973', 'Bürüs'),
(595, '7273', 'Büssü'),
(596, '3821', 'Büttös'),
(597, '8695', 'Buzsák'),
(598, '9725', 'Cák'),
(599, '9165', 'Cakóháza'),
(600, '7013', 'Cece'),
(601, '4732', 'Cégénydányád'),
(602, '2738', 'Cegléd'),
(603, '2700', 'Cegléd'),
(604, '2737', 'Ceglédbercel'),
(605, '9541', 'Celldömölk'),
(606, '9500', 'Celldömölk'),
(607, '3123', 'Cered'),
(608, '9624', 'Chernelházadamonya'),
(609, '5462', 'Cibakháza'),
(610, '3973', 'Cigánd'),
(611, '7161', 'Cikó'),
(612, '9364', 'Cirák'),
(613, '5551', 'Csabacsűd'),
(614, '5609', 'Csabaszabadi'),
(615, '2064', 'Csabdi'),
(616, '8474', 'Csabrendek'),
(617, '9375', 'Csáfordjánosfa'),
(618, '4967', 'Csaholc'),
(619, '8163', 'Csajág'),
(620, '8735', 'Csákány'),
(621, '9919', 'Csákánydoroszló'),
(622, '8073', 'Csákberény'),
(623, '8083', 'Csákvár'),
(624, '6915', 'Csanádalberti'),
(625, '5662', 'Csanádapáca'),
(626, '6913', 'Csanádpalota'),
(627, '9654', 'Csánig'),
(628, '3015', 'Csány'),
(629, '7964', 'Csányoszró'),
(630, '6647', 'Csanytelek'),
(631, '8756', 'Csapi'),
(632, '9372', 'Csapod'),
(633, '5621', 'Csárdaszállás'),
(634, '7811', 'Csarnóta'),
(635, '4844', 'Csaroda'),
(636, '2858', 'Császár'),
(637, '6239', 'Császártöltés'),
(638, '4973', 'Császló'),
(639, '6523', 'Csátalja'),
(640, '8943', 'Csatár'),
(641, '5064', 'Csataszög'),
(642, '2888', 'Csatka'),
(643, '6448', 'Csávoly'),
(644, '7935', 'Csebény'),
(645, '3052', 'Csécse'),
(646, '4742', 'Csegöld'),
(647, '8445', 'Csehbánya'),
(648, '9833', 'Csehi'),
(649, '9834', 'Csehimindszent'),
(650, '2949', 'Csém'),
(651, '2713', 'Csemő'),
(652, '9764', 'Csempeszkopács'),
(653, '6765', 'Csengele'),
(654, '4765', 'Csenger'),
(655, '4743', 'Csengersima'),
(656, '4764', 'Csengerújfalu'),
(657, '6222', 'Csengőd'),
(658, '9611', 'Csénye'),
(659, '3837', 'Csenyéte'),
(660, '2946', 'Csép'),
(661, '5475', 'Csépa'),
(662, '9735', 'Csepreg'),
(663, '9375', 'Csér'),
(664, '7683', 'Cserdi'),
(665, '7472', 'Cserénfa'),
(666, '3413', 'Cserépfalu'),
(667, '3417', 'Cserépváralja'),
(668, '2694', 'Cserháthaláp'),
(669, '2676', 'Cserhátsurány'),
(670, '3066', 'Cserhátszentiván'),
(671, '5465', 'Cserkeszőlő'),
(672, '7673', 'Cserkút'),
(673, '3648', 'Csernely'),
(674, '8372', 'Cserszegtomaj'),
(675, '8951', 'Csertalakos'),
(676, '7900', 'Csertő'),
(677, '8419', 'Csesznek'),
(678, '8973', 'Csesztreg'),
(679, '2678', 'Csesztve'),
(680, '8417', 'Csetény'),
(681, '2212', 'Csévharaszt'),
(682, '7225', 'Csibrák'),
(683, '6424', 'Csikéria'),
(684, '7341', 'Csikóstőttős'),
(685, '9127', 'Csikvánd'),
(686, '3442', 'Csincse'),
(687, '9836', 'Csipkerek'),
(688, '2673', 'Csitár'),
(689, '3848', 'Csobád'),
(690, '3927', 'Csobaj'),
(691, '2014', 'Csobánka'),
(692, '8999', 'Csöde'),
(693, '8495', 'Csögle'),
(694, '8074', 'Csókakő'),
(695, '4145', 'Csökmő'),
(696, '7526', 'Csököly'),
(697, '7555', 'Csokonyavisonta'),
(698, '3647', 'Csokvaomány'),
(699, '2521', 'Csolnok'),
(700, '6135', 'Csólyospálos'),
(701, '7253', 'Csoma'),
(702, '2161', 'Csomád'),
(703, '7432', 'Csombárd'),
(704, '8700', 'Csömend'),
(705, '8957', 'Csömödér'),
(706, '2141', 'Csömör'),
(707, '9513', 'Csönge'),
(708, '6648', 'Csongrád'),
(709, '6640', 'Csongrád'),
(710, '8918', 'Csonkahegyhát'),
(711, '7940', 'Csonkamindszent'),
(712, '8229', 'Csopak'),
(713, '8041', 'Csór'),
(714, '9300', 'Csorna'),
(715, '8873', 'Csörnyeföld'),
(716, '9962', 'Csörötnek'),
(717, '5920', 'Csorvás'),
(718, '8122', 'Csősz'),
(719, '8558', 'Csót'),
(720, '2615', 'Csővár'),
(721, '8840', 'Csurgó'),
(722, '8840', 'Csurgónagymarton'),
(723, '7843', 'Cún'),
(724, '2373', 'Dabas'),
(725, '2371', 'Dabas'),
(726, '2370', 'Dabas'),
(727, '8345', 'Dabronc'),
(728, '8485', 'Dabrony'),
(729, '2854', 'Dad'),
(730, '2522', 'Dág'),
(731, '8592', 'Dáka'),
(732, '7211', 'Dalmand'),
(733, '3780', 'Damak'),
(734, '3978', 'Dámóc'),
(735, '2735', 'Dánszentmiklós'),
(736, '2118', 'Dány'),
(737, '9917', 'Daraboshegy'),
(738, '7988', 'Darány'),
(739, '4737', 'Darnó'),
(740, '9232', 'Darnózseli'),
(741, '4144', 'Darvas'),
(742, '6524', 'Dávod'),
(743, '2694', 'Debercsény'),
(744, '4079', 'Debrecen'),
(745, '4078', 'Debrecen'),
(746, '4225', 'Debrecen'),
(747, '4063', 'Debrecen'),
(748, '4000', 'Debrecen'),
(749, '4002', 'Debrecen'),
(750, '4024', 'Debrecen'),
(751, '4025', 'Debrecen'),
(752, '4026', 'Debrecen'),
(753, '4027', 'Debrecen'),
(754, '4028', 'Debrecen'),
(755, '4029', 'Debrecen'),
(756, '4030', 'Debrecen'),
(757, '4031', 'Debrecen'),
(758, '4032', 'Debrecen'),
(759, '4033', 'Debrecen'),
(760, '4034', 'Debrecen'),
(761, '3825', 'Debréte'),
(762, '7144', 'Decs'),
(763, '3643', 'Dédestapolcsány'),
(764, '8135', 'Dég'),
(765, '2649', 'Dejtár'),
(766, '2337', 'Délegyháza'),
(767, '4516', 'Demecser'),
(768, '3395', 'Demjén'),
(769, '7915', 'Dencsháza'),
(770, '9365', 'Dénesfa'),
(771, '4130', 'Derecske'),
(772, '6621', 'Derekegyház'),
(773, '6772', 'Deszk'),
(774, '3834', 'Detek'),
(775, '3275', 'Detk'),
(776, '5510', 'Dévaványa'),
(777, '8460', 'Devecser'),
(778, '7683', 'Dinnyeberki'),
(779, '7072', 'Diósberény'),
(780, '2049', 'Diósd'),
(781, '2643', 'Diósjenő'),
(782, '8764', 'Dióskál'),
(783, '7817', 'Diósviszló'),
(784, '8482', 'Doba'),
(785, '9914', 'Döbörhegy'),
(786, '5624', 'Doboz'),
(787, '8874', 'Dobri'),
(788, '8357', 'Döbröce'),
(789, '7228', 'Döbrököz'),
(790, '8989', 'Dobronhegy'),
(791, '8597', 'Döbrönte'),
(792, '6766', 'Dóc'),
(793, '4495', 'Döge'),
(794, '3627', 'Domaháza'),
(795, '6781', 'Domaszék'),
(796, '5836', 'Dombegyház'),
(797, '5745', 'Dombiratos'),
(798, '7200', 'Dombóvár'),
(799, '4492', 'Dombrád'),
(800, '2182', 'Domony'),
(801, '2027', 'Dömös'),
(802, '3263', 'Domoszló'),
(803, '2344', 'Dömsöd'),
(804, '9147', 'Dör'),
(805, '8244', 'Dörgicse'),
(806, '3374', 'Dormánd'),
(807, '2510', 'Dorog'),
(808, '3153', 'Dorogháza'),
(809, '9913', 'Döröske'),
(810, '8799', 'Dötk'),
(811, '3721', 'Dövény'),
(812, '9791', 'Dozmat'),
(813, '6342', 'Drágszél'),
(814, '7849', 'Drávacsehi'),
(815, '7846', 'Drávacsepely'),
(816, '7967', 'Drávafok'),
(817, '7977', 'Drávagárdony'),
(818, '7960', 'Drávaiványi'),
(819, '7967', 'Drávakeresztúr'),
(820, '7850', 'Drávapalkonya'),
(821, '7843', 'Drávapiski'),
(822, '7851', 'Drávaszabolcs'),
(823, '7847', 'Drávaszerdahely'),
(824, '7960', 'Drávasztára'),
(825, '7979', 'Drávatamási'),
(826, '2646', 'Drégelypalánk'),
(827, '3635', 'Dubicsány'),
(828, '8416', 'Dudar'),
(829, '9556', 'Duka'),
(830, '2545', 'Dunaalmás'),
(831, '2023', 'Dunabogdány'),
(832, '6323', 'Dunaegyháza'),
(833, '6513', 'Dunafalva'),
(834, '7020', 'Dunaföldvár'),
(835, '2330', 'Dunaharaszti'),
(836, '2120', 'Dunakeszi'),
(837, '9225', 'Dunakiliti'),
(838, '6328', 'Dunapataj'),
(839, '9235', 'Dunaremete'),
(840, '9174', 'Dunaszeg'),
(841, '7712', 'Dunaszekcső'),
(842, '6333', 'Dunaszentbenedek'),
(843, '7135', 'Dunaszentgyörgy'),
(844, '2897', 'Dunaszentmiklós'),
(845, '9175', 'Dunaszentpál'),
(846, '9226', 'Dunasziget'),
(847, '6325', 'Dunatetétlen'),
(848, '2407', 'Dunaújváros'),
(849, '2400', 'Dunaújváros'),
(850, '2336', 'Dunavarsány'),
(851, '6087', 'Dunavecse'),
(852, '6353', 'Dusnok'),
(853, '7224', 'Dúzs'),
(854, '9451', 'Ebergőc'),
(855, '4211', 'Ebes'),
(856, '9083', 'Écs'),
(857, '3013', 'Ecséd'),
(858, '3053', 'Ecseg'),
(859, '5515', 'Ecsegfalva'),
(860, '7457', 'Ecseny'),
(861, '2233', 'Ecser'),
(862, '7443', 'Edde'),
(863, '3783', 'Edelény'),
(864, '3780', 'Edelény'),
(865, '9343', 'Edve'),
(866, '3304', 'Eger'),
(867, '3323', 'Eger'),
(868, '3300', 'Eger'),
(869, '7763', 'Egerág'),
(870, '8497', 'Egeralja'),
(871, '8765', 'Egeraracsa'),
(872, '3321', 'Egerbakta'),
(873, '3337', 'Egerbocs'),
(874, '3341', 'Egercsehi'),
(875, '3379', 'Egerfarmos'),
(876, '3461', 'Egerlövő'),
(877, '3394', 'Egerszalók'),
(878, '3757', 'Égerszög'),
(879, '3328', 'Egerszólát'),
(880, '8913', 'Egervár'),
(881, '9684', 'Egervölgy'),
(882, '9314', 'Egyed'),
(883, '4067', 'Egyek'),
(884, '4069', 'Egyek'),
(885, '3043', 'Egyházasdengeleg'),
(886, '9473', 'Egyházasfalu'),
(887, '3185', 'Egyházasgerge'),
(888, '7824', 'Egyházasharaszti'),
(889, '9554', 'Egyházashetye'),
(890, '9781', 'Egyházashollós'),
(891, '8523', 'Egyházaskesző'),
(892, '7347', 'Egyházaskozár'),
(893, '9783', 'Egyházasrádóc'),
(894, '5742', 'Elek'),
(895, '7744', 'Ellend'),
(896, '2423', 'Előszállás'),
(897, '2424', 'Előszállás'),
(898, '3432', 'Emőd'),
(899, '3854', 'Encs'),
(900, '3860', 'Encs'),
(901, '4374', 'Encsencs'),
(902, '3165', 'Endrefalva'),
(903, '7973', 'Endrőc'),
(904, '9143', 'Enese'),
(905, '8131', 'Enying'),
(906, '8130', 'Enying'),
(907, '6624', 'Eperjes'),
(908, '4646', 'Eperjeske'),
(909, '8413', 'Eplény'),
(910, '2526', 'Epöl'),
(911, '2453', 'Ercsi'),
(912, '2451', 'Ercsi'),
(913, '2036', 'Érd'),
(914, '2035', 'Érd'),
(915, '2030', 'Érd'),
(916, '3932', 'Erdőbénye'),
(917, '3935', 'Erdőhorváti'),
(918, '2113', 'Erdőkertes'),
(919, '3252', 'Erdőkövesd'),
(920, '2176', 'Erdőkürt'),
(921, '7735', 'Erdősmárok'),
(922, '7723', 'Erdősmecske'),
(923, '2177', 'Erdőtarcsa'),
(924, '3358', 'Erdőtelek'),
(925, '3295', 'Erk'),
(926, '4245', 'Érpatak'),
(927, '6347', 'Érsekcsanád'),
(928, '6348', 'Érsekhalma'),
(929, '2659', 'Érsekvadkert'),
(930, '7093', 'Értény'),
(931, '7661', 'Erzsébet'),
(932, '4124', 'Esztár'),
(933, '8882', 'Eszteregnye'),
(934, '8742', 'Esztergályhorváti'),
(935, '2509', 'Esztergom'),
(936, '2500', 'Esztergom'),
(937, '2947', 'Ete'),
(938, '3136', 'Etes'),
(939, '2091', 'Etyek'),
(940, '4354', 'Fábiánháza'),
(941, '6625', 'Fábiánsebestyén'),
(942, '7136', 'Fácánkert'),
(943, '7139', 'Fadd'),
(944, '7133', 'Fadd'),
(945, '3865', 'Fáj'),
(946, '6352', 'Fajsz'),
(947, '3855', 'Fancsal'),
(948, '9321', 'Farád'),
(949, '8582', 'Farkasgyepű'),
(950, '3608', 'Farkaslyuk'),
(951, '2765', 'Farmos'),
(952, '7732', 'Fazekasboda'),
(953, '3255', 'Fedémes'),
(954, '5213', 'Fegyvernek'),
(955, '5231', 'Fegyvernek'),
(956, '4900', 'Fehérgyarmat'),
(957, '9163', 'Fehértó'),
(958, '8052', 'Fehérvárcsurgó'),
(959, '7724', 'Feked'),
(960, '9211', 'Feketeerdő'),
(961, '8086', 'Felcsút'),
(962, '3352', 'Feldebrő'),
(963, '6645', 'Felgyő'),
(964, '9122', 'Felpéc'),
(965, '3985', 'Felsőberecki'),
(966, '9794', 'Felsőcsatár'),
(967, '3847', 'Felsődobsza'),
(968, '7370', 'Felsőegerszeg'),
(969, '3837', 'Felsőgagy'),
(970, '9934', 'Felsőjánosfa'),
(971, '3722', 'Felsőkelecsény'),
(972, '6055', 'Felsőlajos'),
(973, '9918', 'Felsőmarác'),
(974, '7456', 'Felsőmocsolád'),
(975, '7175', 'Felsőnána'),
(976, '3721', 'Felsőnyárád'),
(977, '7099', 'Felsőnyék'),
(978, '8227', 'Felsőörs'),
(979, '8380', 'Felsőpáhok'),
(980, '2363', 'Felsőpakony'),
(981, '2611', 'Felsőpetény'),
(982, '8767', 'Felsőrajk'),
(983, '3989', 'Felsőregmec'),
(984, '8973', 'Felsőszenterzsébet'),
(985, '6447', 'Felsőszentiván'),
(986, '7968', 'Felsőszentmárton'),
(987, '9985', 'Felsőszölnök'),
(988, '3324', 'Felsőtárkány'),
(989, '3735', 'Felsőtelekes'),
(990, '3067', 'Felsőtold'),
(991, '3814', 'Felsővadász'),
(992, '3561', 'Felsőzsolca'),
(993, '4621', 'Fényeslitke'),
(994, '8432', 'Fenyőfő'),
(995, '6774', 'Ferencszállás'),
(996, '9493', 'Fertőboz'),
(997, '9433', 'Fertőd'),
(998, '9431', 'Fertőd'),
(999, '9442', 'Fertőendréd'),
(1000, '9492', 'Fertőhomok'),
(1001, '9421', 'Fertőrákos'),
(1002, '9444', 'Fertőszentmiklós'),
(1003, '9436', 'Fertőszéplak'),
(1004, '7282', 'Fiad'),
(1005, '3994', 'Filkeháza'),
(1006, '8835', 'Fityeház'),
(1007, '6331', 'Foktő'),
(1008, '6922', 'Földeák'),
(1009, '4177', 'Földes'),
(1010, '4090', 'Folyás'),
(1011, '7271', 'Fonó'),
(1012, '3893', 'Fony'),
(1013, '8732', 'Főnyed'),
(1014, '8644', 'Fonyód'),
(1015, '8640', 'Fonyód'),
(1016, '6793', 'Forráskút'),
(1017, '3849', 'Forró'),
(1018, '2151', 'Fót'),
(1019, '8157', 'Füle'),
(1020, '4964', 'Fülesd'),
(1021, '3864', 'Fulókércs'),
(1022, '4266', 'Fülöp'),
(1023, '6042', 'Fülöpháza'),
(1024, '6116', 'Fülöpjakab'),
(1025, '6085', 'Fülöpszállás'),
(1026, '4754', 'Fülpösdaróc'),
(1027, '7087', 'Fürged'),
(1028, '4141', 'Furta'),
(1029, '3996', 'Füzér'),
(1030, '3994', 'Füzérkajata'),
(1031, '3997', 'Füzérkomlós'),
(1032, '3993', 'Füzérradvány'),
(1033, '3390', 'Füzesabony'),
(1034, '5525', 'Füzesgyarmat'),
(1035, '8777', 'Füzvölgy'),
(1036, '4122', 'Gáborján'),
(1037, '8969', 'Gáborjánháza'),
(1038, '4972', 'Gacsály'),
(1039, '7276', 'Gadács'),
(1040, '8716', 'Gadány'),
(1041, '3815', 'Gadna'),
(1042, '5932', 'Gádoros'),
(1043, '3837', 'Gagyapáti'),
(1044, '3817', 'Gagybátor'),
(1045, '3816', 'Gagyvendégi'),
(1046, '8754', 'Galambok'),
(1047, '2686', 'Galgaguta'),
(1048, '2681', 'Galgagyörk'),
(1049, '2193', 'Galgahévíz'),
(1050, '2183', 'Galgamácsa'),
(1051, '7473', 'Gálosfa'),
(1052, '3752', 'Galvács'),
(1053, '8685', 'Gamás'),
(1054, '8597', 'Ganna'),
(1055, '8082', 'Gánt'),
(1056, '6522', 'Gara'),
(1057, '3067', 'Garáb'),
(1058, '8747', 'Garabonc'),
(1059, '3873', 'Garadna'),
(1060, '4976', 'Garbolc'),
(1061, '2484', 'Gárdony'),
(1062, '2485', 'Gárdony'),
(1063, '2483', 'Gárdony'),
(1064, '7812', 'Garé'),
(1065, '9952', 'Gasztony'),
(1066, '6111', 'Gátér'),
(1067, '4471', 'Gávavencsellő'),
(1068, '4472', 'Gávavencsellő'),
(1069, '4754', 'Géberjén'),
(1070, '8543', 'Gecse'),
(1071, '6334', 'Géderlak'),
(1072, '4517', 'Gégény'),
(1073, '3444', 'Gelej'),
(1074, '4935', 'Gelénes'),
(1075, '8981', 'Gellénháza'),
(1076, '8774', 'Gelse'),
(1077, '8774', 'Gelsesziget'),
(1078, '4567', 'Gemzse'),
(1079, '9721', 'Gencsapáti'),
(1080, '9672', 'Gérce'),
(1081, '7951', 'Gerde'),
(1082, '5925', 'Gerendás'),
(1083, '7362', 'Gerényes'),
(1084, '7733', 'Geresdlak'),
(1085, '7134', 'Gerjen'),
(1086, '9813', 'Gersekarát'),
(1087, '5734', 'Geszt'),
(1088, '3923', 'Gesztely'),
(1089, '3715', 'Gesztely'),
(1090, '4232', 'Geszteréd'),
(1091, '8762', 'Gétye'),
(1092, '8435', 'Gic'),
(1093, '7527', 'Gige'),
(1094, '7954', 'Gilvánfa'),
(1095, '3578', 'Girincs'),
(1096, '2131', 'Göd'),
(1097, '2132', 'Göd'),
(1098, '2100', 'Gödöllő'),
(1099, '7386', 'Gödre'),
(1100, '7385', 'Gödre'),
(1101, '8346', 'Gógánfa'),
(1102, '7272', 'Gölle'),
(1103, '3906', 'Golop'),
(1104, '2217', 'Gomba'),
(1105, '8984', 'Gombosszeg'),
(1106, '3728', 'Gömörszőlős'),
(1107, '3895', 'Gönc'),
(1108, '3894', 'Göncruszka'),
(1109, '9071', 'Gönyű'),
(1110, '9625', 'Gór'),
(1111, '4075', 'Görbeháza'),
(1112, '7833', 'Görcsöny'),
(1113, '7728', 'Görcsönydoboka'),
(1114, '7853', 'Gordisa'),
(1115, '7553', 'Görgeteg'),
(1116, '8913', 'Gősfa'),
(1117, '8978', 'Gosztola'),
(1118, '7162', 'Grábóc'),
(1119, '4842', 'Gulács'),
(1120, '8951', 'Gutorfölde'),
(1121, '2360', 'Gyál'),
(1122, '9474', 'Gyalóka'),
(1123, '9774', 'Gyanógeregye'),
(1124, '9126', 'Gyarmat'),
(1125, '8851', 'Gyékényes'),
(1126, '8315', 'Gyenesdiás'),
(1127, '8473', 'Gyepükaján'),
(1128, '2821', 'Gyermely'),
(1129, '7668', 'Gyód'),
(1130, '5502', 'Gyomaendrőd'),
(1131, '5500', 'Gyomaendrőd'),
(1132, '9124', 'Gyömöre'),
(1133, '2230', 'Gyömrő'),
(1134, '7954', 'Gyöngyfa'),
(1135, '3221', 'Gyöngyös'),
(1136, '3232', 'Gyöngyös'),
(1137, '3233', 'Gyöngyös'),
(1138, '3200', 'Gyöngyös'),
(1139, '9723', 'Gyöngyösfalu'),
(1140, '3212', 'Gyöngyöshalász'),
(1141, '7972', 'Gyöngyösmellék'),
(1142, '3211', 'Gyöngyösoroszi'),
(1143, '3035', 'Gyöngyöspata'),
(1144, '3231', 'Gyöngyössolymos'),
(1145, '3036', 'Gyöngyöstarján'),
(1146, '7064', 'Gyönk'),
(1147, '9019', 'Győr'),
(1148, '9011', 'Győr'),
(1149, '9012', 'Győr'),
(1150, '9000', 'Győr'),
(1151, '9021', 'Győr'),
(1152, '9022', 'Győr'),
(1153, '9023', 'Győr'),
(1154, '9024', 'Győr'),
(1155, '9025', 'Győr'),
(1156, '9026', 'Győr'),
(1157, '9027', 'Győr'),
(1158, '9028', 'Győr'),
(1159, '9029', 'Győr'),
(1160, '9030', 'Győr'),
(1161, '9093', 'Győrasszonyfa'),
(1162, '7352', 'Györe'),
(1163, '3954', 'Györgytarló'),
(1164, '7045', 'Györköny'),
(1165, '9173', 'Győrladamér'),
(1166, '9363', 'Gyóró'),
(1167, '4625', 'Győröcske'),
(1168, '9084', 'Győrság'),
(1169, '9161', 'Győrsövényház'),
(1170, '9121', 'Győrszemere'),
(1171, '4752', 'Győrtelek'),
(1172, '9081', 'Győrújbarát'),
(1173, '9171', 'Győrújfalu'),
(1174, '9821', 'Győrvár'),
(1175, '9172', 'Győrzámoly'),
(1176, '8692', 'Gyugy'),
(1177, '4733', 'Gyügye'),
(1178, '5711', 'Gyula'),
(1179, '5703', 'Gyula'),
(1180, '5700', 'Gyula'),
(1181, '4545', 'Gyulaháza'),
(1182, '7227', 'Gyulaj'),
(1183, '8286', 'Gyulakeszi'),
(1184, '4813', 'Gyüre'),
(1185, '2464', 'Gyúró'),
(1186, '8932', 'Gyűrűs'),
(1187, '8694', 'Hács'),
(1188, '8992', 'Hagyárosbörönd'),
(1189, '8771', 'Hahót'),
(1190, '4273', 'Hajdúbagos'),
(1191, '4224', 'Hajdúböszörmény'),
(1192, '4086', 'Hajdúböszörmény'),
(1193, '4074', 'Hajdúböszörmény'),
(1194, '4220', 'Hajdúböszörmény'),
(1195, '4087', 'Hajdúdorog'),
(1196, '4242', 'Hajdúhadház'),
(1197, '4085', 'Hajdúnánás'),
(1198, '4080', 'Hajdúnánás'),
(1199, '4251', 'Hajdúsámson'),
(1200, '4200', 'Hajdúszoboszló'),
(1201, '4212', 'Hajdúszovát'),
(1202, '7473', 'Hajmás'),
(1203, '8192', 'Hajmáskér'),
(1204, '6344', 'Hajós'),
(1205, '9814', 'Halastó'),
(1206, '9228', 'Halászi'),
(1207, '2314', 'Halásztelek'),
(1208, '8452', 'Halimba'),
(1209, '3842', 'Halmaj'),
(1210, '3273', 'Halmajugra'),
(1211, '9917', 'Halogy'),
(1212, '3795', 'Hangács'),
(1213, '3626', 'Hangony'),
(1214, '2434', 'Hantos'),
(1215, '9784', 'Harasztifalu'),
(1216, '7172', 'Harc'),
(1217, '9422', 'Harka'),
(1218, '6136', 'Harkakötöny'),
(1219, '7815', 'Harkány'),
(1220, '7585', 'Háromfa'),
(1221, '3936', 'Háromhuta'),
(1222, '3555', 'Harsány'),
(1223, '8442', 'Hárskút'),
(1224, '6327', 'Harta'),
(1225, '6326', 'Harta'),
(1226, '7745', 'Hásságy'),
(1227, '3000', 'Hatvan'),
(1228, '9178', 'Hédervár'),
(1229, '7533', 'Hedrehely'),
(1230, '8296', 'Hegyesd'),
(1231, '9222', 'Hegyeshalom'),
(1232, '9631', 'Hegyfalu'),
(1233, '9915', 'Hegyháthodász'),
(1234, '7348', 'Hegyhátmaróc'),
(1235, '9915', 'Hegyhátsál'),
(1236, '9934', 'Hegyhátszentjakab'),
(1237, '9931', 'Hegyhátszentmárton'),
(1238, '9826', 'Hegyhátszentpéter'),
(1239, '9437', 'Hegykő'),
(1240, '8265', 'Hegymagas'),
(1241, '3786', 'Hegymeg'),
(1242, '7837', 'Hegyszentmárton'),
(1243, '3041', 'Héhalom'),
(1244, '3892', 'Hejce'),
(1245, '3593', 'Hejőbába'),
(1246, '3597', 'Hejőkeresztúr'),
(1247, '3588', 'Hejőkürt'),
(1248, '3594', 'Hejőpapi'),
(1249, '3595', 'Hejőszalonta'),
(1250, '7683', 'Helesfa'),
(1251, '6034', 'Helvécia'),
(1252, '4123', 'Hencida'),
(1253, '7532', 'Hencse'),
(1254, '2053', 'Herceghalom'),
(1255, '3958', 'Hercegkút'),
(1256, '6525', 'Hercegszántó'),
(1257, '3011', 'Heréd'),
(1258, '2832', 'Héreg'),
(1259, '2677', 'Herencsény'),
(1260, '8440', 'Herend'),
(1261, '7587', 'Heresznye'),
(1262, '4735', 'Hermánszeg'),
(1263, '2376', 'Hernád'),
(1264, '3853', 'Hernádbűd'),
(1265, '3887', 'Hernádcéce'),
(1266, '3563', 'Hernádkak'),
(1267, '3846', 'Hernádkércs'),
(1268, '3564', 'Hernádnémeti'),
(1269, '3874', 'Hernádpetri'),
(1270, '3852', 'Hernádszentandrás'),
(1271, '3875', 'Hernádszurdok'),
(1272, '3874', 'Hernádvécse'),
(1273, '8957', 'Hernyék'),
(1274, '3655', 'Hét'),
(1275, '4843', 'Hetefejércse'),
(1276, '7432', 'Hetes'),
(1277, '7681', 'Hetvehely'),
(1278, '8344', 'Hetyefő'),
(1279, '3360', 'Heves'),
(1280, '3322', 'Hevesaranyos'),
(1281, '3383', 'Hevesvezekény'),
(1282, '8380', 'Hévíz'),
(1283, '2192', 'Hévízgyörk'),
(1284, '7696', 'Hidas'),
(1285, '3876', 'Hidasnémeti'),
(1286, '8247', 'Hidegkút'),
(1287, '9491', 'Hidegség'),
(1288, '3768', 'Hidvégardó'),
(1289, '7735', 'Himesháza'),
(1290, '9362', 'Himod'),
(1291, '7838', 'Hirics'),
(1292, '7971', 'Hobol'),
(1293, '4334', 'Hodász'),
(1294, '6806', 'Hódmezővásárhely'),
(1295, '6800', 'Hódmezővásárhely'),
(1296, '7191', 'Hőgyész'),
(1297, '8731', 'Hollád'),
(1298, '3999', 'Hollóháza'),
(1299, '3176', 'Hollókő'),
(1300, '8563', 'Homokbödöge'),
(1301, '8777', 'Homokkomárom'),
(1302, '6341', 'Homokmégy'),
(1303, '7537', 'Homokszentgyörgy'),
(1304, '7716', 'Homorúd'),
(1305, '3812', 'Homrogd'),
(1306, '2647', 'Hont'),
(1307, '2658', 'Horpács'),
(1308, '3014', 'Hort'),
(1309, '4071', 'Hortobágy'),
(1310, '7935', 'Horváthertelend'),
(1311, '9796', 'Horvátlövő'),
(1312, '9733', 'Horvátzsidány'),
(1313, '7694', 'Hosszúhetény'),
(1314, '4274', 'Hosszúpályi'),
(1315, '9676', 'Hosszúpereszteg'),
(1316, '8716', 'Hosszúvíz'),
(1317, '8777', 'Hosszúvölgy'),
(1318, '8475', 'Hosztót'),
(1319, '8991', 'Hottó'),
(1320, '9361', 'Hövej'),
(1321, '2672', 'Hugyag'),
(1322, '5555', 'Hunya'),
(1323, '5063', 'Hunyadfalva'),
(1324, '7678', 'Husztót'),
(1325, '7935', 'Ibafa'),
(1326, '8984', 'Iborfia'),
(1327, '4484', 'Ibrány'),
(1328, '7275', 'Igal'),
(1329, '7016', 'Igar'),
(1330, '7015', 'Igar'),
(1331, '3459', 'Igrici'),
(1332, '8726', 'Iharos'),
(1333, '8725', 'Iharosberény'),
(1334, '9756', 'Ikervár'),
(1335, '2181', 'Iklad'),
(1336, '9634', 'Iklanberény'),
(1337, '8958', 'Iklódbördőce'),
(1338, '9141', 'Ikrény'),
(1339, '2675', 'Iliny'),
(1340, '4566', 'Ilk'),
(1341, '7775', 'Illocska'),
(1342, '3724', 'Imola'),
(1343, '6238', 'Imrehegy'),
(1344, '3851', 'Ináncs'),
(1345, '2365', 'Inárcs'),
(1346, '8724', 'Inke'),
(1347, '7847', 'Ipacsfa'),
(1348, '2631', 'Ipolydamásd'),
(1349, '3138', 'Ipolytarnóc'),
(1350, '2633', 'Ipolytölgyes'),
(1351, '2669', 'Ipolyvece'),
(1352, '7095', 'Iregszemcse'),
(1353, '3786', 'Irota'),
(1354, '2117', 'Isaszeg'),
(1355, '9941', 'Ispánk'),
(1356, '3253', 'Istenmezeje'),
(1357, '7987', 'Istvándi'),
(1358, '8043', 'Iszkaszentgyörgy'),
(1359, '8493', 'Iszkáz'),
(1360, '8045', 'Isztimér'),
(1361, '3248', 'Ivád'),
(1362, '9374', 'Iván'),
(1363, '7772', 'Ivánbattyán'),
(1364, '9931', 'Ivánc'),
(1365, '2454', 'Iváncsa'),
(1366, '7781', 'Ivándárda'),
(1367, '7353', 'Izmény'),
(1368, '6070', 'Izsák'),
(1369, '3741', 'Izsófalva'),
(1370, '7362', 'Jágónak'),
(1371, '9798', 'Ják'),
(1372, '6078', 'Jakabszállás'),
(1373, '9643', 'Jákfa'),
(1374, '3721', 'Jákfalva'),
(1375, '7525', 'Jákó'),
(1376, '4841', 'Jánd'),
(1377, '4741', 'Jánkmajtis'),
(1378, '6440', 'Jánoshalma'),
(1379, '9545', 'Jánosháza'),
(1380, '5143', 'Jánoshida'),
(1381, '9241', 'Jánossomorja'),
(1382, '9242', 'Jánossomorja'),
(1383, '3664', 'Járdánháza'),
(1384, '4337', 'Jármi'),
(1385, '8424', 'Jásd'),
(1386, '5124', 'Jászágó'),
(1387, '5054', 'Jászalsószentgyörgy'),
(1388, '5130', 'Jászapáti'),
(1389, '5123', 'Jászárokszállás'),
(1390, '5152', 'Jászberény'),
(1391, '5100', 'Jászberény'),
(1392, '5144', 'Jászboldogháza'),
(1393, '5122', 'Jászdózsa'),
(1394, '5111', 'Jászfelsőszentgyörgy'),
(1395, '5126', 'Jászfényszaru'),
(1396, '5135', 'Jászivány'),
(1397, '5121', 'Jászjákóhalma'),
(1398, '2746', 'Jászkarajenő'),
(1399, '5137', 'Jászkisér'),
(1400, '5055', 'Jászladány'),
(1401, '5136', 'Jászszentandrás'),
(1402, '6133', 'Jászszentlászló'),
(1403, '5141', 'Jásztelek'),
(1404, '4611', 'Jéke'),
(1405, '8146', 'Jenő'),
(1406, '9323', 'Jobaháza'),
(1407, '3063', 'Jobbágyi'),
(1408, '3758', 'Jósvafő'),
(1409, '7431', 'Juta'),
(1410, '4183', 'Kaba'),
(1411, '8773', 'Kacorlak'),
(1412, '3424', 'Kács'),
(1413, '7940', 'Kacsóta'),
(1414, '7530', 'Kadarkút'),
(1415, '9123', 'Kajárpéc'),
(1416, '2472', 'Kajászó'),
(1417, '7051', 'Kajdacs'),
(1418, '7122', 'Kakasd'),
(1419, '7958', 'Kákics'),
(1420, '2366', 'Kakucs'),
(1421, '3350', 'Kál'),
(1422, '7194', 'Kalaznó'),
(1423, '9673', 'Káld'),
(1424, '2175', 'Kálló'),
(1425, '8785', 'Kallósd'),
(1426, '4324', 'Kállósemjén'),
(1427, '7538', 'Kálmáncsa'),
(1428, '4434', 'Kálmánháza'),
(1429, '8988', 'Kálócfa'),
(1430, '6300', 'Kalocsa'),
(1431, '8124', 'Káloz'),
(1432, '9841', 'Kám'),
(1433, '8469', 'Kamond'),
(1434, '5673', 'Kamut'),
(1435, '3735', 'Kánó'),
(1436, '4335', 'Kántorjánosi'),
(1437, '3821', 'Kány'),
(1438, '8667', 'Kánya'),
(1439, '8956', 'Kányavár'),
(1440, '8294', 'Kapolcs'),
(1441, '3355', 'Kápolna'),
(1442, '2475', 'Kápolnásnyék'),
(1443, '8671', 'Kapoly'),
(1444, '7523', 'Kaposfő'),
(1445, '7473', 'Kaposgyarmat'),
(1446, '7261', 'Kaposhomok'),
(1447, '7258', 'Kaposkeresztúr'),
(1448, '7521', 'Kaposmérő'),
(1449, '7251', 'Kapospula'),
(1450, '7361', 'Kaposszekcső'),
(1451, '7476', 'Kaposszerdahely'),
(1452, '7522', 'Kaposújlak'),
(1453, '7400', 'Kaposvár'),
(1454, '8471', 'Káptalanfa'),
(1455, '8283', 'Káptalantóti'),
(1456, '9339', 'Kapuvár'),
(1457, '9330', 'Kapuvár'),
(1458, '7285', 'Kára'),
(1459, '3281', 'Karácsond'),
(1460, '8676', 'Karád'),
(1461, '9547', 'Karakó'),
(1462, '8491', 'Karakószörcsök'),
(1463, '3181', 'Karancsalja'),
(1464, '3137', 'Karancsberény'),
(1465, '3183', 'Karancskeszi'),
(1466, '3182', 'Karancslapujtő'),
(1467, '3163', 'Karancsság'),
(1468, '7333', 'Kárász'),
(1469, '5300', 'Karcag'),
(1470, '3963', 'Karcsa'),
(1471, '5552', 'Kardos'),
(1472, '5945', 'Kardoskút'),
(1473, '8354', 'Karmacs'),
(1474, '3962', 'Karos'),
(1475, '2173', 'Kartal'),
(1476, '7827', 'Kásád'),
(1477, '6211', 'Kaskantyú'),
(1478, '7977', 'Kastélyosdombó'),
(1479, '5948', 'Kaszaper'),
(1480, '7564', 'Kaszó'),
(1481, '7914', 'Katádfa'),
(1482, '9915', 'Katafa'),
(1483, '7661', 'Kátoly'),
(1484, '6455', 'Katymár'),
(1485, '2215', 'Káva'),
(1486, '8994', 'Kávás'),
(1487, '3147', 'Kazár'),
(1488, '3127', 'Kazár'),
(1489, '3700', 'Kazincbarcika'),
(1490, '3831', 'Kázsmárk'),
(1491, '7274', 'Kazsok'),
(1492, '6237', 'Kecel'),
(1493, '2852', 'Kecskéd'),
(1494, '6044', 'Kecskemét'),
(1495, '6008', 'Kecskemét'),
(1496, '6000', 'Kecskemét'),
(1497, '8784', 'Kehidakustány'),
(1498, '4515', 'Kék'),
(1499, '4494', 'Kékcse'),
(1500, '3899', 'Kéked'),
(1501, '7661', 'Kékesd'),
(1502, '8254', 'Kékkút'),
(1503, '6423', 'Kelebia'),
(1504, '9549', 'Keléd'),
(1505, '3728', 'Kelemér'),
(1506, '6444', 'Kéleshalom'),
(1507, '8714', 'Kelevíz'),
(1508, '4501', 'Kemecse'),
(1509, '2638', 'Kemence'),
(1510, '8931', 'Kemendollár'),
(1511, '8516', 'Kemeneshőgyész'),
(1512, '9553', 'Kemeneskápolna'),
(1513, '9522', 'Kemenesmagasi'),
(1514, '9511', 'Kemenesmihályfa'),
(1515, '9544', 'Kemenespálfa'),
(1516, '9517', 'Kemenessömjén'),
(1517, '9521', 'Kemenesszentmárton'),
(1518, '8518', 'Kemenesszentpéter'),
(1519, '8995', 'Keménfa'),
(1520, '7843', 'Kémes'),
(1521, '9923', 'Kemestaródfa'),
(1522, '7839', 'Kemse'),
(1523, '5349', 'Kenderes'),
(1524, '5331', 'Kenderes'),
(1525, '9752', 'Kenéz'),
(1526, '3955', 'Kenézlő'),
(1527, '5083', 'Kengyel'),
(1528, '9514', 'Kenyeri'),
(1529, '9945', 'Kercaszomor'),
(1530, '7256', 'Kercseliget'),
(1531, '3396', 'Kerecsend'),
(1532, '8745', 'Kerecseny'),
(1533, '6041', 'Kerekegyháza'),
(1534, '8618', 'Kereki'),
(1535, '2882', 'Kerékteleki'),
(1536, '2145', 'Kerepes'),
(1537, '2144', 'Kerepes'),
(1538, '3821', 'Keresztéte'),
(1539, '8971', 'Kerkabarabás'),
(1540, '8973', 'Kerkafalva'),
(1541, '8973', 'Kerkakutas'),
(1542, '9944', 'Kerkáskápolna'),
(1543, '8874', 'Kerkaszentkirály'),
(1544, '8879', 'Kerkateskánd'),
(1545, '4912', 'Kérsemjén'),
(1546, '8492', 'Kerta'),
(1547, '5526', 'Kertészsziget'),
(1548, '2616', 'Keszeg'),
(1549, '3579', 'Kesznyéten'),
(1550, '7062', 'Keszőhidegkút'),
(1551, '8360', 'Keszthely'),
(1552, '2517', 'Kesztölc'),
(1553, '7668', 'Keszü'),
(1554, '2655', 'Kétbodony'),
(1555, '5741', 'Kétegyháza'),
(1556, '8713', 'Kéthely'),
(1557, '5411', 'Kétpó'),
(1558, '5674', 'Kétsoprony'),
(1559, '7975', 'Kétújfalu'),
(1560, '9982', 'Kétvölgy'),
(1561, '7174', 'Kéty'),
(1562, '5744', 'Kevermes'),
(1563, '8774', 'Kilimán'),
(1564, '9181', 'Kimle'),
(1565, '8044', 'Kincsesbánya'),
(1566, '3657', 'Királd'),
(1567, '7953', 'Királyegyháza'),
(1568, '6911', 'Királyhegyes'),
(1569, '8195', 'Királyszentistván'),
(1570, '8284', 'Kisapáti'),
(1571, '2428', 'Kisapostag'),
(1572, '4921', 'Kisar'),
(1573, '7523', 'Kisasszond'),
(1574, '7954', 'Kisasszonyfa'),
(1575, '9133', 'Kisbabot'),
(1576, '3046', 'Kisbágyon'),
(1577, '9062', 'Kisbajcs'),
(1578, '7542', 'Kisbajom'),
(1579, '7282', 'Kisbárapáti'),
(1580, '3075', 'Kisbárkány'),
(1581, '2881', 'Kisbér'),
(1582, '2879', 'Kisbér'),
(1583, '2870', 'Kisbér'),
(1584, '8693', 'Kisberény'),
(1585, '8477', 'Kisberzseny'),
(1586, '7391', 'Kisbeszterce'),
(1587, '9234', 'Kisbodak'),
(1588, '8925', 'Kisbucsa'),
(1589, '7756', 'Kisbudmér'),
(1590, '3578', 'Kiscsécs'),
(1591, '8888', 'Kiscsehi'),
(1592, '8494', 'Kiscsősz'),
(1593, '7814', 'Kisdér'),
(1594, '7985', 'Kisdobsza'),
(1595, '5837', 'Kisdombegyház'),
(1596, '7159', 'Kisdorog'),
(1597, '2655', 'Kisecset'),
(1598, '9341', 'Kisfalud'),
(1599, '3256', 'Kisfüzes'),
(1600, '8356', 'Kisgörbő'),
(1601, '7279', 'Kisgyalán'),
(1602, '3556', 'Kisgyőr'),
(1603, '7391', 'Kishajmás'),
(1604, '7800', 'Kisharsány'),
(1605, '3161', 'Kishartyán'),
(1606, '7763', 'Kisherend'),
(1607, '4977', 'Kishódos'),
(1608, '3994', 'Kishuta'),
(1609, '2948', 'Kisigmánd'),
(1610, '7773', 'Kisjakabfalva'),
(1611, '7766', 'Kiskassa'),
(1612, '3843', 'Kiskinizs'),
(1613, '3384', 'Kisköre'),
(1614, '6200', 'Kiskőrös'),
(1615, '7524', 'Kiskorpád'),
(1616, '6100', 'Kiskunfélegyháza'),
(1617, '6400', 'Kiskunhalas'),
(1618, '2340', 'Kiskunlacháza'),
(1619, '6120', 'Kiskunmajsa'),
(1620, '8911', 'Kiskutas'),
(1621, '8156', 'Kisláng'),
(1622, '4325', 'Kisléta'),
(1623, '7775', 'Kislippó'),
(1624, '8446', 'Kislőd'),
(1625, '7356', 'Kismányok'),
(1626, '4126', 'Kismarja'),
(1627, '2623', 'Kismaros'),
(1628, '4737', 'Kisnamény'),
(1629, '3264', 'Kisnána'),
(1630, '2165', 'Kisnémedi'),
(1631, '7759', 'Kisnyárád'),
(1632, '2024', 'Kisoroszi'),
(1633, '4956', 'Kispalád'),
(1634, '8912', 'Kispáli'),
(1635, '8496', 'Kispirit'),
(1636, '9936', 'Kisrákos'),
(1637, '8756', 'Kisrécse'),
(1638, '3965', 'Kisrozvágy'),
(1639, '3627', 'Kissikátor'),
(1640, '9555', 'Kissomlyó'),
(1641, '6421', 'Kisszállás'),
(1642, '7082', 'Kisszékely'),
(1643, '4963', 'Kisszekeres'),
(1644, '7841', 'Kisszentmárton'),
(1645, '8957', 'Kissziget'),
(1646, '8483', 'Kisszőlős'),
(1647, '7981', 'Kistamási'),
(1648, '7823', 'Kistapolca'),
(1649, '2143', 'Kistarcsa'),
(1650, '6760', 'Kistelek'),
(1651, '3553', 'Kistokaj'),
(1652, '8868', 'Kistolmács'),
(1653, '7068', 'Kistormás'),
(1654, '7768', 'Kistótfalu'),
(1655, '5310', 'Kisújszállás'),
(1656, '9772', 'Kisunyom'),
(1657, '4600', 'Kisvárda'),
(1658, '4811', 'Kisvarsány'),
(1659, '8341', 'Kisvásárhely'),
(1660, '7381', 'Kisvaszar'),
(1661, '7183', 'Kisvejke'),
(1662, '6775', 'Kiszombor'),
(1663, '9733', 'Kiszsidány'),
(1664, '6773', 'Klárafalva'),
(1665, '7334', 'Köblény'),
(1666, '2898', 'Kocs'),
(1667, '2755', 'Kocsér'),
(1668, '9553', 'Köcsk'),
(1669, '7212', 'Kocsola'),
(1670, '4751', 'Kocsord'),
(1671, '2243', 'Kóka'),
(1672, '4284', 'Kokad'),
(1673, '7668', 'Kökény'),
(1674, '7530', 'Kőkút'),
(1675, '4965', 'Kölcse'),
(1676, '7052', 'Kölesd'),
(1677, '7717', 'Kölked'),
(1678, '8468', 'Kolontár'),
(1679, '4138', 'Komádi'),
(1680, '2903', 'Komárom'),
(1681, '2921', 'Komárom'),
(1682, '2900', 'Komárom'),
(1683, '3765', 'Komjáti'),
(1684, '7305', 'Komló'),
(1685, '7300', 'Komló'),
(1686, '3372', 'Kömlő'),
(1687, '2853', 'Kömlőd'),
(1688, '4765', 'Komlódtótfalu'),
(1689, '7582', 'Komlósd'),
(1690, '3937', 'Komlóska'),
(1691, '4622', 'Komoró'),
(1692, '4943', 'Kömörő'),
(1693, '6134', 'Kömpöc'),
(1694, '3356', 'Kompolt'),
(1695, '3775', 'Kondó'),
(1696, '9943', 'Kondorfa'),
(1697, '5553', 'Kondoros'),
(1698, '9144', 'Kóny'),
(1699, '4133', 'Konyár'),
(1700, '9495', 'Kópháza'),
(1701, '7094', 'Koppányszántó'),
(1702, '3886', 'Korlát'),
(1703, '9909', 'Körmend'),
(1704, '9900', 'Körmend'),
(1705, '2851', 'Környe'),
(1706, '3577', 'Köröm'),
(1707, '9113', 'Koroncó'),
(1708, '7841', 'Kórós'),
(1709, '8617', 'Kőröshegy'),
(1710, '5516', 'Körösladány'),
(1711, '5539', 'Körösnagyharsány'),
(1712, '4136', 'Körösszakál'),
(1713, '4135', 'Körösszegapáti'),
(1714, '5622', 'Köröstarcsa'),
(1715, '2745', 'Kőröstetétlen'),
(1716, '5536', 'Körösújfalu'),
(1717, '2612', 'Kosd'),
(1718, '2625', 'Kóspallag'),
(1719, '8152', 'Kőszárhegy'),
(1720, '9730', 'Kőszeg'),
(1721, '9725', 'Kőszegdoroszló'),
(1722, '9739', 'Kőszegpaty'),
(1723, '9725', 'Kőszegszerdahely'),
(1724, '4482', 'Kótaj'),
(1725, '8627', 'Kötcse'),
(1726, '5725', 'Kötegyán'),
(1727, '5062', 'Kőtelek'),
(1728, '7847', 'Kovácshida'),
(1729, '7678', 'Kovácsszénája'),
(1730, '3992', 'Kovácsvágás'),
(1731, '8254', 'Kővágóörs'),
(1732, '7673', 'Kővágószőlős'),
(1733, '7675', 'Kővágótőttős'),
(1734, '6912', 'Kövegy'),
(1735, '8274', 'Köveskál'),
(1736, '3053', 'Kozárd'),
(1737, '7761', 'Kozármisleny'),
(1738, '8988', 'Kozmadombja'),
(1739, '3821', 'Krasznokvajda'),
(1740, '6755', 'Kübekháza'),
(1741, '2458', 'Kulcs'),
(1742, '8978', 'Külsősárd'),
(1743, '9532', 'Külsővat'),
(1744, '6097', 'Kunadacs'),
(1745, '5746', 'Kunágota'),
(1746, '6435', 'Kunbaja'),
(1747, '6043', 'Kunbaracs'),
(1748, '5412', 'Kuncsorba'),
(1749, '6413', 'Kunfehértó'),
(1750, '8162', 'Küngös'),
(1751, '5340', 'Kunhegyes'),
(1752, '5321', 'Kunmadaras'),
(1753, '6096', 'Kunpeszér'),
(1754, '6115', 'Kunszállás'),
(1755, '5449', 'Kunszentmárton'),
(1756, '5440', 'Kunszentmárton'),
(1757, '6090', 'Kunszentmiklós'),
(1758, '9184', 'Kunsziget'),
(1759, '8595', 'Kup'),
(1760, '3813', 'Kupa'),
(1761, '7226', 'Kurd'),
(1762, '3732', 'Kurityán'),
(1763, '8919', 'Kustánszeg'),
(1764, '7541', 'Kutas'),
(1765, '3066', 'Kutasó'),
(1766, '2541', 'Lábatlan'),
(1767, '7551', 'Lábod'),
(1768, '3967', 'Lácacséke'),
(1769, '7535', 'Lad'),
(1770, '6045', 'Ladánybene'),
(1771, '3780', 'Ládbesenyő'),
(1772, '8136', 'Lajoskomárom'),
(1773, '6050', 'Lajosmizse'),
(1774, '3786', 'Lak'),
(1775, '8913', 'Lakhegy'),
(1776, '6065', 'Lakitelek'),
(1777, '7918', 'Lakócsa'),
(1778, '7759', 'Lánycsók'),
(1779, '7214', 'Lápafő'),
(1780, '7775', 'Lapáncsa'),
(1781, '4543', 'Laskod'),
(1782, '8887', 'Lasztonya'),
(1783, '8681', 'Látrány'),
(1784, '9089', 'Lázi'),
(1785, '2016', 'Leányfalu'),
(1786, '2518', 'Leányvár'),
(1787, '9155', 'Lébény'),
(1788, '2619', 'Legénd'),
(1789, '3904', 'Legyesbénye'),
(1790, '3832', 'Léh'),
(1791, '3648', 'Lénárddaróc'),
(1792, '8978', 'Lendvadedes'),
(1793, '8977', 'Lendvajakabfa'),
(1794, '7184', 'Lengyel'),
(1795, '8693', 'Lengyeltóti'),
(1796, '8966', 'Lenti'),
(1797, '8960', 'Lenti'),
(1798, '8132', 'Lepsény'),
(1799, '8318', 'Lesencefalu'),
(1800, '8319', 'Lesenceistvánd'),
(1801, '8318', 'Lesencetomaj'),
(1802, '4281', 'Létavértes'),
(1803, '4283', 'Létavértes'),
(1804, '8868', 'Letenye'),
(1805, '2632', 'Letkés'),
(1806, '9221', 'Levél'),
(1807, '4555', 'Levelek'),
(1808, '8707', 'Libickozma'),
(1809, '8981', 'Lickóvadamos'),
(1810, '7331', 'Liget'),
(1811, '8782', 'Ligetfalva'),
(1812, '9233', 'Lipót'),
(1813, '7781', 'Lippó'),
(1814, '7757', 'Liptód'),
(1815, '8888', 'Lispeszentadorján'),
(1816, '8831', 'Liszó'),
(1817, '8196', 'Litér'),
(1818, '3866', 'Litka'),
(1819, '3186', 'Litke'),
(1820, '9634', 'Lócs'),
(1821, '5743', 'Lőkösháza'),
(1822, '8425', 'Lókút'),
(1823, '4836', 'Lónya'),
(1824, '2309', 'Lórév'),
(1825, '3022', 'Lőrinci'),
(1826, '3024', 'Lőrinci'),
(1827, '3021', 'Lőrinci'),
(1828, '7761', 'Lothárd'),
(1829, '8228', 'Lovas'),
(1830, '8093', 'Lovasberény'),
(1831, '7720', 'Lovászhetény'),
(1832, '8878', 'Lovászi'),
(1833, '8553', 'Lovászpatona'),
(1834, '9461', 'Lövő'),
(1835, '4633', 'Lövőpetri'),
(1836, '3129', 'Lucfalva'),
(1837, '3188', 'Ludányhalászi'),
(1838, '3274', 'Ludas'),
(1839, '9724', 'Lukácsháza'),
(1840, '8660', 'Lulla'),
(1841, '7838', 'Lúzsok'),
(1842, '3909', 'Mád'),
(1843, '6456', 'Madaras'),
(1844, '7026', 'Madocsa'),
(1845, '9169', 'Maglóca'),
(1846, '2234', 'Maglód'),
(1847, '7342', 'Mágocs'),
(1848, '4953', 'Magosliget'),
(1849, '4556', 'Magy'),
(1850, '8071', 'Magyaralmás'),
(1851, '7463', 'Magyaratád'),
(1852, '5667', 'Magyarbánhegyes'),
(1853, '7775', 'Magyarbóly'),
(1854, '6932', 'Magyarcsanád'),
(1855, '5838', 'Magyardombegyház'),
(1856, '7332', 'Magyaregregy'),
(1857, '7441', 'Magyaregres'),
(1858, '8973', 'Magyarföld'),
(1859, '3133', 'Magyargéc'),
(1860, '8517', 'Magyargencs'),
(1861, '7394', 'Magyarhertelend'),
(1862, '4137', 'Magyarhomorog'),
(1863, '9346', 'Magyarkeresztúr'),
(1864, '7098', 'Magyarkeszi'),
(1865, '9962', 'Magyarlak'),
(1866, '7925', 'Magyarlukafa'),
(1867, '7954', 'Magyarmecske'),
(1868, '9909', 'Magyarnádalja'),
(1869, '2694', 'Magyarnándor'),
(1870, '8449', 'Magyarpolány'),
(1871, '7761', 'Magyarsarlós'),
(1872, '9912', 'Magyarszecsőd'),
(1873, '7396', 'Magyarszék'),
(1874, '8776', 'Magyarszentmiklós'),
(1875, '8776', 'Magyarszerdahely'),
(1876, '9946', 'Magyarszombatfa'),
(1877, '7954', 'Magyartelek'),
(1878, '2339', 'Majosháza'),
(1879, '7783', 'Majs'),
(1880, '2322', 'Makád'),
(1881, '3959', 'Makkoshotyka'),
(1882, '3397', 'Maklár'),
(1883, '6903', 'Makó'),
(1884, '6900', 'Makó'),
(1885, '8533', 'Malomsok'),
(1886, '3434', 'Mályi'),
(1887, '3645', 'Mályinka'),
(1888, '4942', 'Mánd'),
(1889, '4644', 'Mándok'),
(1890, '7304', 'Mánfa'),
(1891, '2065', 'Mány'),
(1892, '7733', 'Maráza'),
(1893, '9534', 'Marcalgergelyi'),
(1894, '8714', 'Marcali'),
(1895, '8709', 'Marcali'),
(1896, '8700', 'Marcali'),
(1897, '8531', 'Marcaltő'),
(1898, '8532', 'Marcaltő'),
(1899, '7817', 'Márfa'),
(1900, '2527', 'Máriahalom'),
(1901, '9231', 'Máriakálnok'),
(1902, '7663', 'Máriakéménd'),
(1903, '2629', 'Márianosztra'),
(1904, '4326', 'Máriapócs'),
(1905, '3262', 'Markaz'),
(1906, '3075', 'Márkháza'),
(1907, '8441', 'Márkó'),
(1908, '7967', 'Markóc'),
(1909, '9164', 'Markotabödöge'),
(1910, '8888', 'Maróc'),
(1911, '7960', 'Marócsa'),
(1912, '7774', 'Márok'),
(1913, '8976', 'Márokföld'),
(1914, '4932', 'Márokpapi'),
(1915, '6921', 'Maroslele'),
(1916, '6636', 'Mártély'),
(1917, '5435', 'Martfű'),
(1918, '7720', 'Martonfa'),
(1919, '2462', 'Martonvásár'),
(1920, '3755', 'Martonyi'),
(1921, '4700', 'Mátészalka'),
(1922, '6452', 'Mátételke'),
(1923, '3247', 'Mátraballa'),
(1924, '3246', 'Mátraderecske'),
(1925, '3155', 'Mátramindszent'),
(1926, '3144', 'Mátranovák'),
(1927, '3143', 'Mátranovák'),
(1928, '3142', 'Mátraszele'),
(1929, '3234', 'Mátraszentimre'),
(1930, '3235', 'Mátraszentimre'),
(1931, '3068', 'Mátraszőlős'),
(1932, '3145', 'Mátraterenye'),
(1933, '3146', 'Mátraterenye');
INSERT INTO `city` (`id`, `postal_code`, `name`) VALUES
(1934, '3077', 'Mátraverebély'),
(1935, '7854', 'Matty'),
(1936, '8134', 'Mátyásdomb'),
(1937, '4835', 'Mátyus'),
(1938, '7351', 'Máza'),
(1939, '7695', 'Mecseknádasd'),
(1940, '7300', 'Mecsekpölöske'),
(1941, '9176', 'Mecsér'),
(1942, '5664', 'Medgyesbodzás'),
(1943, '5663', 'Medgyesbodzás'),
(1944, '5752', 'Medgyesegyháza'),
(1945, '5666', 'Medgyesegyháza'),
(1946, '7057', 'Medina'),
(1947, '9757', 'Meggyeskovácsi'),
(1948, '3718', 'Megyaszó'),
(1949, '9754', 'Megyehid'),
(1950, '8348', 'Megyer'),
(1951, '5726', 'Méhkerék'),
(1952, '4975', 'Méhtelek'),
(1953, '7344', 'Mekényes'),
(1954, '6449', 'Mélykút'),
(1955, '8271', 'Mencshely'),
(1956, '2235', 'Mende'),
(1957, '3871', 'Méra'),
(1958, '7981', 'Merenye'),
(1959, '9136', 'Mérges'),
(1960, '4352', 'Mérk'),
(1961, '7453', 'Mernye'),
(1962, '9531', 'Mersevát'),
(1963, '9662', 'Mesterháza'),
(1964, '9551', 'Mesteri'),
(1965, '5452', 'Mesterszállás'),
(1966, '3754', 'Meszes'),
(1967, '9745', 'Meszlen'),
(1968, '8716', 'Mesztegnyő'),
(1969, '5650', 'Mezőberény'),
(1970, '3450', 'Mezőcsát'),
(1971, '7434', 'Mezőcsokonya'),
(1972, '7370', 'Meződ'),
(1973, '2422', 'Mezőfalva'),
(1974, '5732', 'Mezőgyán'),
(1975, '5820', 'Mezőhegyes'),
(1976, '5453', 'Mezőhék'),
(1977, '3441', 'Mezőkeresztes'),
(1978, '8137', 'Mezőkomárom'),
(1979, '5800', 'Mezőkovácsháza'),
(1980, '3400', 'Mezőkövesd'),
(1981, '4641', 'Mezőladány'),
(1982, '8514', 'Mezőlak'),
(1983, '3443', 'Mezőnagymihály'),
(1984, '3421', 'Mezőnyárád'),
(1985, '9098', 'Mezőörs'),
(1986, '9097', 'Mezőörs'),
(1987, '4118', 'Mezőpeterd'),
(1988, '4134', 'Mezősas'),
(1989, '3378', 'Mezőszemere'),
(1990, '8133', 'Mezőszentgyörgy'),
(1991, '7017', 'Mezőszilas'),
(1992, '3375', 'Mezőtárkány'),
(1993, '5400', 'Mezőtúr'),
(1994, '3931', 'Mezőzombor'),
(1995, '8825', 'Miháld'),
(1996, '8341', 'Mihályfa'),
(1997, '3184', 'Mihálygerge'),
(1998, '8513', 'Mihályháza'),
(1999, '9342', 'Mihályi'),
(2000, '7512', 'Mike'),
(2001, '2736', 'Mikebuda'),
(2002, '8949', 'Mikekarácsonyfa'),
(2003, '4271', 'Mikepércs'),
(2004, '7286', 'Miklósi'),
(2005, '3344', 'Mikófalva'),
(2006, '3989', 'Mikóháza'),
(2007, '9835', 'Mikosszéplak'),
(2008, '8917', 'Milejszeg'),
(2009, '4948', 'Milota'),
(2010, '6630', 'Mindszent'),
(2011, '7391', 'Mindszentgodisa'),
(2012, '8282', 'Mindszentkálla'),
(2013, '8935', 'Misefa'),
(2014, '6343', 'Miske'),
(2015, '3510', 'Miskolc'),
(2016, '3515', 'Miskolc'),
(2017, '3516', 'Miskolc'),
(2018, '3508', 'Miskolc'),
(2019, '3517', 'Miskolc'),
(2020, '3518', 'Miskolc'),
(2021, '3521', 'Miskolc'),
(2022, '3519', 'Miskolc'),
(2023, '3500', 'Miskolc'),
(2024, '3501', 'Miskolc'),
(2025, '3524', 'Miskolc'),
(2026, '3525', 'Miskolc'),
(2027, '3526', 'Miskolc'),
(2028, '3527', 'Miskolc'),
(2029, '3528', 'Miskolc'),
(2030, '3529', 'Miskolc'),
(2031, '3530', 'Miskolc'),
(2032, '3531', 'Miskolc'),
(2033, '3532', 'Miskolc'),
(2034, '3533', 'Miskolc'),
(2035, '3534', 'Miskolc'),
(2036, '3535', 'Miskolc'),
(2037, '7065', 'Miszla'),
(2038, '2911', 'Mocsa'),
(2039, '7163', 'Mőcsény'),
(2040, '2146', 'Mogyoród'),
(2041, '2535', 'Mogyorósbánya'),
(2042, '3893', 'Mogyoróska'),
(2043, '8042', 'Moha'),
(2044, '7715', 'Mohács'),
(2045, '7714', 'Mohács'),
(2046, '7700', 'Mohács'),
(2047, '2698', 'Mohora'),
(2048, '8863', 'Molnári'),
(2049, '9912', 'Molnaszecsőd'),
(2050, '7981', 'Molvány'),
(2051, '3812', 'Monaj'),
(2052, '3905', 'Monok'),
(2053, '2213', 'Monor'),
(2054, '2200', 'Monor'),
(2055, '3345', 'Mónosbél'),
(2056, '8296', 'Monostorapáti'),
(2057, '4275', 'Monostorpályi'),
(2058, '8273', 'Monoszló'),
(2059, '7751', 'Monyoród'),
(2060, '8060', 'Mór'),
(2061, '7165', 'Mórágy'),
(2062, '6782', 'Mórahalom'),
(2063, '6132', 'Móricgát'),
(2064, '9131', 'Mórichida'),
(2065, '7257', 'Mosdós'),
(2066, '9200', 'Mosonmagyaróvár'),
(2067, '9183', 'Mosonszentmiklós'),
(2068, '9154', 'Mosonszentmiklós'),
(2069, '9245', 'Mosonszolnok'),
(2070, '7932', 'Mozsgó'),
(2071, '7185', 'Mucsfa'),
(2072, '7195', 'Mucsi'),
(2073, '3744', 'Múcsony'),
(2074, '3552', 'Muhi'),
(2075, '8834', 'Murakeresztúr'),
(2076, '8868', 'Murarátka'),
(2077, '8872', 'Muraszemenye'),
(2078, '7176', 'Murga'),
(2079, '5672', 'Murony'),
(2080, '4911', 'Nábrád'),
(2081, '8097', 'Nadap'),
(2082, '9915', 'Nádasd'),
(2083, '8145', 'Nádasdladány'),
(2084, '4181', 'Nádudvar'),
(2085, '8674', 'Nágocs'),
(2086, '8521', 'Nagyacsád'),
(2087, '8484', 'Nagyalásony'),
(2088, '4922', 'Nagyar'),
(2089, '7500', 'Nagyatád'),
(2090, '9063', 'Nagybajcs'),
(2091, '7561', 'Nagybajom'),
(2092, '8821', 'Nagybakónak'),
(2093, '5668', 'Nagybánhegyes'),
(2094, '6527', 'Nagybaracska'),
(2095, '3641', 'Nagybarca'),
(2096, '3075', 'Nagybárkány'),
(2097, '8656', 'Nagyberény'),
(2098, '7255', 'Nagyberki'),
(2099, '2634', 'Nagybörzsöny'),
(2100, '7756', 'Nagybudmér'),
(2101, '9485', 'Nagycenk'),
(2102, '7838', 'Nagycsány'),
(2103, '3598', 'Nagycsécs'),
(2104, '8628', 'Nagycsepely'),
(2105, '4445', 'Nagycserkesz'),
(2106, '8554', 'Nagydém'),
(2107, '4823', 'Nagydobos'),
(2108, '7985', 'Nagydobsza'),
(2109, '7044', 'Nagydorog'),
(2110, '4355', 'Nagyecsed'),
(2111, '6917', 'Nagyér'),
(2112, '8415', 'Nagyesztergár'),
(2113, '3282', 'Nagyfüged'),
(2114, '9664', 'Nagygeresd'),
(2115, '8356', 'Nagygörbő'),
(2116, '8551', 'Nagygyimót'),
(2117, '7343', 'Nagyhajmás'),
(2118, '4485', 'Nagyhalász'),
(2119, '7822', 'Nagyharsány'),
(2120, '4064', 'Nagyhegyes'),
(2121, '4977', 'Nagyhódos'),
(2122, '3994', 'Nagyhuta'),
(2123, '2942', 'Nagyigmánd'),
(2124, '5363', 'Nagyiván'),
(2125, '4320', 'Nagykálló'),
(2126, '5751', 'Nagykamarás'),
(2127, '8831', 'Nagykanizsa'),
(2128, '8808', 'Nagykanizsa'),
(2129, '8809', 'Nagykanizsa'),
(2130, '8800', 'Nagykanizsa'),
(2131, '8935', 'Nagykapornak'),
(2132, '2425', 'Nagykarácsony'),
(2133, '2760', 'Nagykáta'),
(2134, '4127', 'Nagykereki'),
(2135, '3129', 'Nagykeresztúr'),
(2136, '3844', 'Nagykinizs'),
(2137, '3012', 'Nagykökényes'),
(2138, '9784', 'Nagykölked'),
(2139, '7092', 'Nagykónyi'),
(2140, '2750', 'Nagykőrös'),
(2141, '7545', 'Nagykorpád'),
(2142, '5065', 'Nagykörű'),
(2143, '2094', 'Nagykovácsi'),
(2144, '7741', 'Nagykozár'),
(2145, '8911', 'Nagykutas'),
(2146, '6933', 'Nagylak'),
(2147, '8983', 'Nagylengyel'),
(2148, '3175', 'Nagylóc'),
(2149, '2435', 'Nagylók'),
(2150, '9482', 'Nagylózs'),
(2151, '6622', 'Nagymágocs'),
(2152, '7355', 'Nagymányok'),
(2153, '2626', 'Nagymaros'),
(2154, '9913', 'Nagymizdó'),
(2155, '7784', 'Nagynyárád'),
(2156, '2645', 'Nagyoroszi'),
(2157, '8912', 'Nagypáli'),
(2158, '7731', 'Nagypall'),
(2159, '7912', 'Nagypeterd'),
(2160, '8496', 'Nagypirit'),
(2161, '4173', 'Nagyrábé'),
(2162, '8746', 'Nagyrada'),
(2163, '9938', 'Nagyrákos'),
(2164, '8756', 'Nagyrécse'),
(2165, '3214', 'Nagyréde'),
(2166, '5463', 'Nagyrév'),
(2167, '3965', 'Nagyrozvágy'),
(2168, '2524', 'Nagysáp'),
(2169, '9561', 'Nagysimonyi'),
(2170, '8739', 'Nagyszakácsi'),
(2171, '7085', 'Nagyszékely'),
(2172, '4962', 'Nagyszekeres'),
(2173, '5931', 'Nagyszénás'),
(2174, '9072', 'Nagyszentjános'),
(2175, '7097', 'Nagyszokoly'),
(2176, '3398', 'Nagytálya'),
(2177, '2142', 'Nagytarcsa'),
(2178, '8562', 'Nagytevel'),
(2179, '9832', 'Nagytilaj'),
(2180, '6612', 'Nagytőke'),
(2181, '7800', 'Nagytótfalu'),
(2182, '3357', 'Nagyút'),
(2183, '4812', 'Nagyvarsány'),
(2184, '7912', 'Nagyváty'),
(2185, '8291', 'Nagyvázsony'),
(2186, '7186', 'Nagyvejke'),
(2187, '8065', 'Nagyveleg'),
(2188, '2421', 'Nagyvenyim'),
(2189, '3349', 'Nagyvisnyó'),
(2190, '7215', 'Nak'),
(2191, '4552', 'Napkor'),
(2192, '9797', 'Nárai'),
(2193, '9793', 'Narda'),
(2194, '2899', 'Naszály'),
(2195, '3463', 'Négyes'),
(2196, '3646', 'Nekézseny'),
(2197, '8923', 'Nemesapáti'),
(2198, '3592', 'Nemesbikk'),
(2199, '9749', 'Nemesbőd'),
(2200, '4942', 'Nemesborzova'),
(2201, '8371', 'Nemesbük'),
(2202, '9739', 'Nemescsó'),
(2203, '8722', 'Nemesdéd'),
(2204, '8522', 'Nemesgörzsöny'),
(2205, '8284', 'Nemesgulács'),
(2206, '8471', 'Nemeshany'),
(2207, '8925', 'Nemeshetés'),
(2208, '7981', 'Nemeske'),
(2209, '9471', 'Nemeskér'),
(2210, '9548', 'Nemeskeresztúr'),
(2211, '8717', 'Nemeskisfalud'),
(2212, '9542', 'Nemeskocs'),
(2213, '9775', 'Nemeskolta'),
(2214, '9663', 'Nemesládony'),
(2215, '9953', 'Nemesmedves'),
(2216, '6345', 'Nemesnádudvar'),
(2217, '8976', 'Nemesnép'),
(2218, '8856', 'Nemespátró'),
(2219, '8915', 'Nemesrádó'),
(2220, '9782', 'Nemesrempehollós'),
(2221, '8925', 'Nemessándorháza'),
(2222, '9533', 'Nemesszalók'),
(2223, '8925', 'Nemesszentandrás'),
(2224, '8248', 'Nemesvámos'),
(2225, '8738', 'Nemesvid'),
(2226, '8311', 'Nemesvita'),
(2227, '8581', 'Németbánya'),
(2228, '8918', 'Németfalu'),
(2229, '7039', 'Németkér'),
(2230, '3152', 'Nemti'),
(2231, '2544', 'Neszmély'),
(2232, '2618', 'Nézsa'),
(2233, '9652', 'Nick'),
(2234, '8706', 'Nikla'),
(2235, '2642', 'Nógrád'),
(2236, '2691', 'Nógrádkövesd'),
(2237, '2675', 'Nógrádmarcal'),
(2238, '3132', 'Nógrádmegyer'),
(2239, '2685', 'Nógrádsáp'),
(2240, '3179', 'Nógrádsipek'),
(2241, '3187', 'Nógrádszakál'),
(2242, '8591', 'Nóráp'),
(2243, '8456', 'Noszlop'),
(2244, '3325', 'Noszvaj'),
(2245, '2610', 'Nőtincs'),
(2246, '8948', 'Nova'),
(2247, '3327', 'Novaj'),
(2248, '3872', 'Novajidrány'),
(2249, '9096', 'Nyalka'),
(2250, '8512', 'Nyárád'),
(2251, '2723', 'Nyáregyháza'),
(2252, '6032', 'Nyárlőrinc'),
(2253, '2712', 'Nyársapát'),
(2254, '3433', 'Nyékládháza'),
(2255, '2537', 'Nyergesújfalu'),
(2256, '2536', 'Nyergesújfalu'),
(2257, '3809', 'Nyésta'),
(2258, '8612', 'Nyim'),
(2259, '4264', 'Nyírábrány'),
(2260, '4262', 'Nyíracsád'),
(2261, '8454', 'Nyirád'),
(2262, '4253', 'Nyíradony'),
(2263, '4252', 'Nyíradony'),
(2264, '4254', 'Nyíradony'),
(2265, '4300', 'Nyírbátor'),
(2266, '4372', 'Nyírbéltek'),
(2267, '4361', 'Nyírbogát'),
(2268, '4511', 'Nyírbogdány'),
(2269, '4356', 'Nyírcsaholy'),
(2270, '4331', 'Nyírcsászári'),
(2271, '4332', 'Nyírderzs'),
(2272, '4405', 'Nyíregyháza'),
(2273, '4246', 'Nyíregyháza'),
(2274, '4433', 'Nyíregyháza'),
(2275, '4412', 'Nyíregyháza'),
(2276, '4432', 'Nyíregyháza'),
(2277, '4551', 'Nyíregyháza'),
(2278, '4431', 'Nyíregyháza'),
(2279, '4481', 'Nyíregyháza'),
(2280, '4400', 'Nyíregyháza'),
(2281, '4362', 'Nyírgelse'),
(2282, '4311', 'Nyírgyulaj'),
(2283, '3997', 'Nyíri'),
(2284, '4535', 'Nyíribrony'),
(2285, '4541', 'Nyírjákó'),
(2286, '4544', 'Nyírkarász'),
(2287, '4333', 'Nyírkáta'),
(2288, '4537', 'Nyírkércs'),
(2289, '4632', 'Nyírlövő'),
(2290, '4371', 'Nyírlugos'),
(2291, '4564', 'Nyírmada'),
(2292, '4263', 'Nyírmártonfalva'),
(2293, '4722', 'Nyírmeggyes'),
(2294, '4363', 'Nyírmihálydi'),
(2295, '4822', 'Nyírparasznya'),
(2296, '4531', 'Nyírpazony'),
(2297, '4376', 'Nyírpilis'),
(2298, '4522', 'Nyírtass'),
(2299, '4461', 'Nyírtelek'),
(2300, '4554', 'Nyírtét'),
(2301, '4532', 'Nyírtura'),
(2302, '4341', 'Nyírvasvári'),
(2303, '9682', 'Nyőgér'),
(2304, '3795', 'Nyomár'),
(2305, '7912', 'Nyugotszenterzsébet'),
(2306, '9082', 'Nyúl'),
(2307, '7695', 'Óbánya'),
(2308, '2063', 'Óbarok'),
(2309, '8272', 'Óbudavár'),
(2310, '8292', 'Öcs'),
(2311, '2364', 'Ócsa'),
(2312, '7814', 'Ócsárd'),
(2313, '7143', 'Őcsény'),
(2314, '5451', 'Öcsöd'),
(2315, '7695', 'Ófalu'),
(2316, '4558', 'Ófehértó'),
(2317, '6923', 'Óföldeák'),
(2318, '8342', 'Óhid'),
(2319, '5534', 'Okány'),
(2320, '7957', 'Okorág'),
(2321, '4755', 'Ököritófülpös'),
(2322, '7681', 'Okorvölgy'),
(2323, '7745', 'Olasz'),
(2324, '9824', 'Olaszfa'),
(2325, '8414', 'Olaszfalu'),
(2326, '3933', 'Olaszliszka'),
(2327, '9621', 'Ölbő'),
(2328, '4826', 'Olcsva'),
(2329, '4914', 'Olcsvaapáti'),
(2330, '7824', 'Old'),
(2331, '9733', 'Ólmod'),
(2332, '8886', 'Oltárc'),
(2333, '4373', 'Ömböly'),
(2334, '3562', 'Onga'),
(2335, '3551', 'Ónod'),
(2336, '4821', 'Ópályi'),
(2337, '6767', 'Ópusztaszer'),
(2338, '4336', 'Őr'),
(2339, '8935', 'Orbányosfa'),
(2340, '2162', 'Őrbottyán'),
(2341, '7400', 'Orci'),
(2342, '8635', 'Ordacsehi'),
(2343, '6335', 'Ordas'),
(2344, '6311', 'Öregcsertő'),
(2345, '8697', 'Öreglak'),
(2346, '9982', 'Orfalu'),
(2347, '7677', 'Orfű'),
(2348, '6077', 'Orgovány'),
(2349, '2671', 'Őrhalom'),
(2350, '9933', 'Őrimagyarósd'),
(2351, '9941', 'Őriszentpéter'),
(2352, '2377', 'Örkény'),
(2353, '8983', 'Ormándlak'),
(2354, '5222', 'Örményes'),
(2355, '5556', 'Örménykút'),
(2356, '3743', 'Ormosbánya'),
(2357, '5904', 'Orosháza'),
(2358, '5903', 'Orosháza'),
(2359, '5905', 'Orosháza'),
(2360, '5900', 'Orosháza'),
(2361, '8458', 'Oroszi'),
(2362, '2840', 'Oroszlány'),
(2363, '7370', 'Oroszló'),
(2364, '8744', 'Orosztony'),
(2365, '8954', 'Ortaháza'),
(2366, '8854', 'Őrtilos'),
(2367, '8242', 'Örvényes'),
(2368, '2610', 'Ősagárd'),
(2369, '8161', 'Ősi'),
(2370, '8191', 'Öskü'),
(2371, '9354', 'Osli'),
(2372, '9512', 'Ostffyasszonyfa'),
(2373, '3326', 'Ostoros'),
(2374, '9825', 'Oszkó'),
(2375, '3591', 'Oszlár'),
(2376, '7444', 'Osztopán'),
(2377, '9153', 'Öttevény'),
(2378, '6784', 'Öttömös'),
(2379, '7511', 'Ötvöskónyi'),
(2380, '3604', 'Ózd'),
(2381, '3651', 'Ózd'),
(2382, '3661', 'Ózd'),
(2383, '3603', 'Ózd'),
(2384, '3662', 'Ózd'),
(2385, '3625', 'Ózd'),
(2386, '3621', 'Ózd'),
(2387, '3600', 'Ózd'),
(2388, '7836', 'Ózdfalu'),
(2389, '8998', 'Ozmánbük'),
(2390, '7086', 'Ozora'),
(2391, '3964', 'Pácin'),
(2392, '8761', 'Pacsa'),
(2393, '9823', 'Pácsony'),
(2394, '8935', 'Padár'),
(2395, '6075', 'Páhi'),
(2396, '8956', 'Páka'),
(2397, '8799', 'Pakod'),
(2398, '8095', 'Pákozd'),
(2399, '7027', 'Paks'),
(2400, '7030', 'Paks'),
(2401, '7370', 'Palé'),
(2402, '7042', 'Pálfa'),
(2403, '8990', 'Pálfiszeg'),
(2404, '3994', 'Pálháza'),
(2405, '9345', 'Páli'),
(2406, '7771', 'Palkonya'),
(2407, '7561', 'Pálmajor'),
(2408, '6112', 'Pálmonostora'),
(2409, '7727', 'Palotabozsok'),
(2410, '3042', 'Palotás'),
(2411, '8229', 'Paloznak'),
(2412, '3821', 'Pamlény'),
(2413, '8698', 'Pamuk'),
(2414, '2214', 'Pánd'),
(2415, '9937', 'Pankasz'),
(2416, '9090', 'Pannonhalma'),
(2417, '3898', 'Pányok'),
(2418, '4913', 'Panyola'),
(2419, '4631', 'Pap'),
(2420, '8511', 'Pápa'),
(2421, '8591', 'Pápa'),
(2422, '8598', 'Pápa'),
(2423, '8500', 'Pápa'),
(2424, '8593', 'Pápadereske'),
(2425, '8596', 'Pápakovácsi'),
(2426, '8594', 'Pápasalamon'),
(2427, '8556', 'Pápateszér'),
(2428, '8183', 'Papkeszi'),
(2429, '9515', 'Pápoc'),
(2430, '4338', 'Papos'),
(2431, '7838', 'Páprád'),
(2432, '3244', 'Parád'),
(2433, '3240', 'Parád'),
(2434, '3242', 'Parádsasvár'),
(2435, '3777', 'Parasznya'),
(2436, '4475', 'Paszab'),
(2437, '3065', 'Pásztó'),
(2438, '3082', 'Pásztó'),
(2439, '3060', 'Pásztó'),
(2440, '9311', 'Pásztori'),
(2441, '8825', 'Pat'),
(2442, '2648', 'Patak'),
(2443, '7463', 'Patalom'),
(2444, '7923', 'Patapoklosi'),
(2445, '7477', 'Patca'),
(2446, '8092', 'Pátka'),
(2447, '7536', 'Patosfa'),
(2448, '4523', 'Pátroha'),
(2449, '2668', 'Patvarc'),
(2450, '2071', 'Páty'),
(2451, '4766', 'Pátyod'),
(2452, '2476', 'Pázmánd'),
(2453, '9085', 'Pázmándfalu'),
(2454, '2119', 'Pécel'),
(2455, '9754', 'Pecöl'),
(2456, '7693', 'Pécs'),
(2457, '7691', 'Pécs'),
(2458, '7600', 'Pécs'),
(2459, '7621', 'Pécs'),
(2460, '7622', 'Pécs'),
(2461, '7623', 'Pécs'),
(2462, '7624', 'Pécs'),
(2463, '7625', 'Pécs'),
(2464, '7626', 'Pécs'),
(2465, '7627', 'Pécs'),
(2466, '7628', 'Pécs'),
(2467, '7629', 'Pécs'),
(2468, '7630', 'Pécs'),
(2469, '7631', 'Pécs'),
(2470, '7632', 'Pécs'),
(2471, '7633', 'Pécs'),
(2472, '7634', 'Pécs'),
(2473, '7635', 'Pécs'),
(2474, '7636', 'Pécs'),
(2475, '7951', 'Pécsbagota'),
(2476, '7766', 'Pécsdevecser'),
(2477, '8245', 'Pécsely'),
(2478, '7762', 'Pécsudvard'),
(2479, '7720', 'Pécsvárad'),
(2480, '7831', 'Pellérd'),
(2481, '3381', 'Pély'),
(2482, '2614', 'Penc'),
(2483, '4267', 'Penészlek'),
(2484, '4941', 'Penyige'),
(2485, '8426', 'Pénzesgyőr'),
(2486, '9099', 'Pér'),
(2487, '2074', 'Perbál'),
(2488, '3853', 'Pere'),
(2489, '3821', 'Perecse'),
(2490, '7664', 'Pereked'),
(2491, '9722', 'Perenye'),
(2492, '9734', 'Peresznye'),
(2493, '9484', 'Pereszteg'),
(2494, '2431', 'Perkáta'),
(2495, '3756', 'Perkupa'),
(2496, '2637', 'Perőcsény'),
(2497, '7766', 'Peterd'),
(2498, '7582', 'Péterhida'),
(2499, '2209', 'Péteri'),
(2500, '3250', 'Pétervására'),
(2501, '8105', 'Pétfürdő'),
(2502, '8921', 'Pethőhenye'),
(2503, '4542', 'Petneháza'),
(2504, '3023', 'Petőfibánya'),
(2505, '6113', 'Petőfiszállás'),
(2506, '9443', 'Petőháza'),
(2507, '9826', 'Petőmihályfa'),
(2508, '8984', 'Petrikeresztúr'),
(2509, '8866', 'Petrivente'),
(2510, '7980', 'Pettend'),
(2511, '3134', 'Piliny'),
(2512, '2721', 'Pilis'),
(2513, '2097', 'Pilisborosjenő'),
(2514, '2087', 'Piliscsaba'),
(2515, '2081', 'Piliscsaba'),
(2516, '2519', 'Piliscsév'),
(2517, '2080', 'Pilisjászfalu'),
(2518, '2028', 'Pilismarót'),
(2519, '2095', 'Pilisszántó'),
(2520, '2084', 'Pilisszentiván'),
(2521, '2099', 'Pilisszentkereszt'),
(2522, '2098', 'Pilisszentkereszt'),
(2523, '2009', 'Pilisszentlászló'),
(2524, '2085', 'Pilisvörösvár'),
(2525, '7084', 'Pincehely'),
(2526, '9922', 'Pinkamindszent'),
(2527, '9481', 'Pinnye'),
(2528, '4375', 'Piricse'),
(2529, '6414', 'Pirtó'),
(2530, '7838', 'Piskó'),
(2531, '6914', 'Pitvaros'),
(2532, '7756', 'Pócsa'),
(2533, '4125', 'Pocsaj'),
(2534, '2017', 'Pócsmegyer'),
(2535, '4327', 'Pócspetri'),
(2536, '7666', 'Pogány'),
(2537, '8728', 'Pogányszentpéter'),
(2538, '8932', 'Pókaszepetk'),
(2539, '7458', 'Polány'),
(2540, '4090', 'Polgár'),
(2541, '8153', 'Polgárdi'),
(2542, '8155', 'Polgárdi'),
(2543, '8154', 'Polgárdi'),
(2544, '8929', 'Pölöske'),
(2545, '8773', 'Pölöskefő'),
(2546, '2013', 'Pomáz'),
(2547, '7142', 'Pörböly'),
(2548, '4761', 'Porcsalma'),
(2549, '8956', 'Pördefölde'),
(2550, '9796', 'Pornóapáti'),
(2551, '3388', 'Poroszló'),
(2552, '9612', 'Porpác'),
(2553, '8858', 'Porrog'),
(2554, '8858', 'Porrogszentkirály'),
(2555, '8858', 'Porrogszentpál'),
(2556, '8986', 'Pórszombat'),
(2557, '8429', 'Porva'),
(2558, '9636', 'Pósfa'),
(2559, '7977', 'Potony'),
(2560, '8767', 'Pötréte'),
(2561, '9324', 'Potyond'),
(2562, '3925', 'Prügy'),
(2563, '8291', 'Pula'),
(2564, '9235', 'Püski'),
(2565, '2682', 'Püspökhatvan'),
(2566, '4150', 'Püspökladány'),
(2567, '9776', 'Püspökmolnári'),
(2568, '2166', 'Püspökszilágy'),
(2569, '8986', 'Pusztaapáti'),
(2570, '2658', 'Pusztaberki'),
(2571, '9373', 'Pusztacsalád'),
(2572, '9739', 'Pusztacsó'),
(2573, '4565', 'Pusztadobos'),
(2574, '8946', 'Pusztaederics'),
(2575, '3995', 'Pusztafalu'),
(2576, '5919', 'Pusztaföldvár'),
(2577, '7038', 'Pusztahencse'),
(2578, '8707', 'Pusztakovácsi'),
(2579, '8895', 'Pusztamagyaród'),
(2580, '6785', 'Pusztamérges'),
(2581, '8455', 'Pusztamiske'),
(2582, '5125', 'Pusztamonostor'),
(2583, '5665', 'Pusztaottlaka'),
(2584, '3874', 'Pusztaradvány'),
(2585, '2490', 'Pusztaszabolcs'),
(2586, '8619', 'Pusztaszemes'),
(2587, '8896', 'Pusztaszentlászló'),
(2588, '6769', 'Pusztaszer'),
(2589, '2378', 'Pusztavacs'),
(2590, '8066', 'Pusztavám'),
(2591, '2039', 'Pusztazámor'),
(2592, '3630', 'Putnok'),
(2593, '9313', 'Rábacsanak'),
(2594, '9136', 'Rábacsécsény'),
(2595, '9961', 'Rábagyarmat'),
(2596, '9777', 'Rábahidvég'),
(2597, '9344', 'Rábakecöl'),
(2598, '9142', 'Rábapatona'),
(2599, '9641', 'Rábapaty'),
(2600, '9146', 'Rábapordány'),
(2601, '9327', 'Rábasebes'),
(2602, '9316', 'Rábaszentandrás'),
(2603, '9135', 'Rábaszentmihály'),
(2604, '9133', 'Rábaszentmiklós'),
(2605, '9322', 'Rábatamási'),
(2606, '9766', 'Rábatöttös'),
(2607, '9165', 'Rábcakapi'),
(2608, '2459', 'Rácalmás'),
(2609, '2465', 'Ráckeresztúr'),
(2610, '2300', 'Ráckeve'),
(2611, '2613', 'Rád'),
(2612, '7817', 'Rádfalva'),
(2613, '9784', 'Rádóckölked'),
(2614, '3776', 'Radostyán'),
(2615, '3724', 'Ragály'),
(2616, '9224', 'Rajka'),
(2617, '3825', 'Rakaca'),
(2618, '3826', 'Rakacaszend'),
(2619, '4465', 'Rakamaz'),
(2620, '5085', 'Rákóczifalva'),
(2621, '5084', 'Rákócziújfalu'),
(2622, '7464', 'Ráksi'),
(2623, '8973', 'Ramocsa'),
(2624, '4536', 'Ramocsaháza'),
(2625, '4756', 'Rápolt'),
(2626, '8300', 'Raposka'),
(2627, '3833', 'Rásonysápberencs'),
(2628, '3908', 'Rátka'),
(2629, '9951', 'Rátót'),
(2630, '9091', 'Ravazd'),
(2631, '3245', 'Recsk'),
(2632, '2886', 'Réde'),
(2633, '8978', 'Rédics'),
(2634, '3893', 'Regéc'),
(2635, '7833', 'Regenye'),
(2636, '7193', 'Regöly'),
(2637, '6446', 'Rém'),
(2638, '2094', 'Remeteszőlős'),
(2639, '3559', 'Répáshuta'),
(2640, '9653', 'Répcelak'),
(2641, '9375', 'Répceszemere'),
(2642, '9623', 'Répceszentgyörgy'),
(2643, '9475', 'Répcevis'),
(2644, '8977', 'Resznek'),
(2645, '9074', 'Rétalap'),
(2646, '4525', 'Rétközberencs'),
(2647, '2651', 'Rétság'),
(2648, '8253', 'Révfülöp'),
(2649, '3976', 'Révleányvár'),
(2650, '8373', 'Rezi'),
(2651, '3974', 'Ricse'),
(2652, '8348', 'Rigács'),
(2653, '8883', 'Rigyác'),
(2654, '3177', 'Rimóc'),
(2655, '7552', 'Rinyabesenyő'),
(2656, '7527', 'Rinyakovácsi'),
(2657, '7513', 'Rinyaszentkirály'),
(2658, '7556', 'Rinyaújlak'),
(2659, '7584', 'Rinyaújnép'),
(2660, '4563', 'Rohod'),
(2661, '9451', 'Röjtökmuzsaj'),
(2662, '8434', 'Románd'),
(2663, '2654', 'Romhány'),
(2664, '7743', 'Romonya'),
(2665, '9954', 'Rönök'),
(2666, '6758', 'Röszke'),
(2667, '7914', 'Rózsafa'),
(2668, '4971', 'Rozsály'),
(2669, '3033', 'Rózsaszentmárton'),
(2670, '3733', 'Rudabánya'),
(2671, '3742', 'Rudolftelep'),
(2672, '9766', 'Rum'),
(2673, '6786', 'Ruzsa'),
(2674, '3162', 'Ságújfalu'),
(2675, '8654', 'Ságvár'),
(2676, '3792', 'Sajóbábony'),
(2677, '3793', 'Sajóecseg'),
(2678, '3636', 'Sajógalgóc'),
(2679, '3576', 'Sajóhidvég'),
(2680, '3720', 'Sajóivánka'),
(2681, '3773', 'Sajókápolna'),
(2682, '3720', 'Sajókaza'),
(2683, '3791', 'Sajókeresztúr'),
(2684, '3572', 'Sajólád'),
(2685, '3773', 'Sajólászlófalva'),
(2686, '3656', 'Sajómercse'),
(2687, '3652', 'Sajónémeti'),
(2688, '3586', 'Sajóörös'),
(2689, '3714', 'Sajópálfala'),
(2690, '3573', 'Sajópetri'),
(2691, '3653', 'Sajópüspöki'),
(2692, '3712', 'Sajósenye'),
(2693, '3770', 'Sajószentpéter'),
(2694, '3599', 'Sajószöged'),
(2695, '3712', 'Sajóvámos'),
(2696, '3656', 'Sajóvelezd'),
(2697, '9632', 'Sajtoskál'),
(2698, '8256', 'Salföld'),
(2699, '3102', 'Salgótarján'),
(2700, '3109', 'Salgótarján'),
(2701, '3121', 'Salgótarján'),
(2702, '3104', 'Salgótarján'),
(2703, '3141', 'Salgótarján'),
(2704, '3100', 'Salgótarján'),
(2705, '9742', 'Salköveskút'),
(2706, '8995', 'Salomvár'),
(2707, '3425', 'Sály'),
(2708, '7841', 'Sámod'),
(2709, '3074', 'Sámsonháza'),
(2710, '8824', 'Sand'),
(2711, '6762', 'Sándorfalva'),
(2712, '7479', 'Sántos'),
(2713, '4176', 'Sáp'),
(2714, '4272', 'Sáránd'),
(2715, '3942', 'Sárazsadány'),
(2716, '7018', 'Sárbogárd'),
(2717, '7019', 'Sárbogárd'),
(2718, '7003', 'Sárbogárd'),
(2719, '7000', 'Sárbogárd'),
(2720, '7014', 'Sáregres'),
(2721, '9813', 'Sárfimizdó'),
(2722, '8944', 'Sárhida'),
(2723, '2523', 'Sárisáp'),
(2724, '5720', 'Sarkad'),
(2725, '5731', 'Sarkadkeresztúr'),
(2726, '8051', 'Sárkeresztes'),
(2727, '8125', 'Sárkeresztúr'),
(2728, '8144', 'Sárkeszi'),
(2729, '8391', 'Sármellék'),
(2730, '7781', 'Sárok'),
(2731, '2433', 'Sárosd'),
(2732, '3952', 'Sárospatak'),
(2733, '3950', 'Sárospatak'),
(2734, '7145', 'Sárpilis'),
(2735, '4171', 'Sárrétudvari'),
(2736, '9434', 'Sarród'),
(2737, '9435', 'Sarród'),
(2738, '8126', 'Sárszentágota'),
(2739, '7047', 'Sárszentlőrinc'),
(2740, '8141', 'Sárszentmihály'),
(2741, '8143', 'Sárszentmihály'),
(2742, '3386', 'Sarud'),
(2743, '9609', 'Sárvár'),
(2744, '9608', 'Sárvár'),
(2745, '9600', 'Sárvár'),
(2746, '7370', 'Sásd'),
(2747, '8308', 'Sáska'),
(2748, '3659', 'Sáta'),
(2749, '3944', 'Sátoraljaújhely'),
(2750, '3945', 'Sátoraljaújhely'),
(2751, '3988', 'Sátoraljaújhely'),
(2752, '3980', 'Sátoraljaújhely'),
(2753, '7785', 'Sátorhely'),
(2754, '8732', 'Sávoly'),
(2755, '9789', 'Sé'),
(2756, '7562', 'Segesd'),
(2757, '7960', 'Sellye'),
(2758, '3809', 'Selyeb'),
(2759, '3974', 'Semjén'),
(2760, '8862', 'Semjénháza'),
(2761, '8788', 'Sénye'),
(2762, '4533', 'Sényő'),
(2763, '8111', 'Seregélyes'),
(2764, '3729', 'Serényfalva'),
(2765, '8660', 'Sérsekszőlős'),
(2766, '8439', 'Sikátor'),
(2767, '7818', 'Siklós'),
(2768, '7800', 'Siklós'),
(2769, '7814', 'Siklósbodony'),
(2770, '7823', 'Siklósnagyfalu'),
(2771, '3881', 'Sima'),
(2772, '9633', 'Simaság'),
(2773, '7474', 'Simonfa'),
(2774, '7081', 'Simontornya'),
(2775, '7171', 'Sióagárd'),
(2776, '8611', 'Siófok'),
(2777, '8609', 'Siófok'),
(2778, '8600', 'Siófok'),
(2779, '8652', 'Siójut'),
(2780, '3332', 'Sirok'),
(2781, '9671', 'Sitke'),
(2782, '9315', 'Sobor'),
(2783, '8897', 'Söjtör'),
(2784, '9112', 'Sokorópátka'),
(2785, '6320', 'Solt'),
(2786, '6223', 'Soltszentimre'),
(2787, '6230', 'Soltvadkert'),
(2788, '8193', 'Sóly'),
(2789, '2083', 'Solymár'),
(2790, '8655', 'Som'),
(2791, '7728', 'Somberek'),
(2792, '8478', 'Somlójenő'),
(2793, '8483', 'Somlószőlős'),
(2794, '8481', 'Somlóvásárhely'),
(2795, '8484', 'Somlóvecse'),
(2796, '7454', 'Somodor'),
(2797, '7283', 'Somogyacsa'),
(2798, '7922', 'Somogyapáti'),
(2799, '7584', 'Somogyaracs'),
(2800, '7452', 'Somogyaszaló'),
(2801, '8684', 'Somogybabod'),
(2802, '8858', 'Somogybükkösd'),
(2803, '8726', 'Somogycsicsó'),
(2804, '7284', 'Somogydöröcske'),
(2805, '8666', 'Somogyegres'),
(2806, '8708', 'Somogyfajsz'),
(2807, '7455', 'Somogygeszti'),
(2808, '7925', 'Somogyhárságy'),
(2809, '7921', 'Somogyhatvan'),
(2810, '7443', 'Somogyjád'),
(2811, '8673', 'Somogymeggyes'),
(2812, '8733', 'Somogysámson'),
(2813, '7435', 'Somogysárd'),
(2814, '8737', 'Somogysimonyi'),
(2815, '8705', 'Somogyszentpál'),
(2816, '7276', 'Somogyszil'),
(2817, '7563', 'Somogyszob'),
(2818, '8683', 'Somogytúr'),
(2819, '7515', 'Somogyudvarhely'),
(2820, '8699', 'Somogyvámos'),
(2821, '8698', 'Somogyvár'),
(2822, '7924', 'Somogyviszló'),
(2823, '8734', 'Somogyzsitfa'),
(2824, '4954', 'Sonkád'),
(2825, '8123', 'Soponya'),
(2826, '9494', 'Sopron'),
(2827, '9408', 'Sopron'),
(2828, '9407', 'Sopron'),
(2829, '9400', 'Sopron'),
(2830, '9463', 'Sopronhorpács'),
(2831, '9483', 'Sopronkövesd'),
(2832, '9325', 'Sopronnémeti'),
(2833, '9743', 'Söpte'),
(2834, '8072', 'Söréd'),
(2835, '9774', 'Sorkifalud'),
(2836, '9774', 'Sorkikápolna'),
(2837, '8881', 'Sormás'),
(2838, '9773', 'Sorokpolány'),
(2839, '3131', 'Sóshartyán'),
(2840, '2038', 'Sóskút'),
(2841, '3716', 'Sóstófalva'),
(2842, '7960', 'Sósvertike'),
(2843, '9681', 'Sótony'),
(2844, '8096', 'Sukoró'),
(2845, '6346', 'Sükösd'),
(2846, '2242', 'Sülysáp'),
(2847, '2241', 'Sülysáp'),
(2848, '8330', 'Sümeg'),
(2849, '8357', 'Sümegcsehi'),
(2850, '8351', 'Sümegprága'),
(2851, '7960', 'Sumony'),
(2852, '2889', 'Súr'),
(2853, '8856', 'Surd'),
(2854, '2543', 'Süttő'),
(2855, '8151', 'Szabadbattyán'),
(2856, '2432', 'Szabadegyháza'),
(2857, '8139', 'Szabadhidvég'),
(2858, '8138', 'Szabadhidvég'),
(2859, '7253', 'Szabadi'),
(2860, '5712', 'Szabadkígyós'),
(2861, '6080', 'Szabadszállás'),
(2862, '7951', 'Szabadszentkirály'),
(2863, '7544', 'Szabás'),
(2864, '4467', 'Szabolcs'),
(2865, '4547', 'Szabolcsbáka'),
(2866, '4496', 'Szabolcsveresmart'),
(2867, '2111', 'Szada'),
(2868, '7383', 'Szágy'),
(2869, '7753', 'Szajk'),
(2870, '3334', 'Szajla'),
(2871, '5081', 'Szajol'),
(2872, '3786', 'Szakácsi'),
(2873, '7071', 'Szakadát'),
(2874, '3596', 'Szakáld'),
(2875, '7192', 'Szakály'),
(2876, '7213', 'Szakcs'),
(2877, '6336', 'Szakmár'),
(2878, '9934', 'Szaknyér'),
(2879, '4234', 'Szakoly'),
(2880, '9474', 'Szakony'),
(2881, '9983', 'Szakonyfalu'),
(2882, '2856', 'Szákszend'),
(2883, '9942', 'Szalafő'),
(2884, '7811', 'Szalánta'),
(2885, '8341', 'Szalapa'),
(2886, '3863', 'Szalaszend'),
(2887, '7334', 'Szalatnak'),
(2888, '7121', 'Szálka'),
(2889, '6086', 'Szalkszentmárton'),
(2890, '3163', 'Szalmatercs'),
(2891, '3754', 'Szalonna'),
(2892, '4767', 'Szamosangyalos'),
(2893, '4745', 'Szamosbecs'),
(2894, '4721', 'Szamoskér'),
(2895, '4735', 'Szamossályi'),
(2896, '4824', 'Szamosszeg'),
(2897, '4746', 'Szamostatárfalva'),
(2898, '4734', 'Szamosújlak'),
(2899, '2697', 'Szanda'),
(2900, '6131', 'Szank'),
(2901, '8622', 'Szántód'),
(2902, '9317', 'Szany'),
(2903, '8423', 'Szápár'),
(2904, '7843', 'Szaporca'),
(2905, '2066', 'Szár'),
(2906, '7184', 'Szárász'),
(2907, '7063', 'Szárazd'),
(2908, '9353', 'Szárföld'),
(2909, '2067', 'Szárliget'),
(2910, '5540', 'Szarvas'),
(2911, '3051', 'Szarvasgede'),
(2912, '9913', 'Szarvaskend'),
(2913, '5053', 'Szászberek'),
(2914, '3821', 'Szászfa'),
(2915, '7349', 'Szászvár'),
(2916, '4945', 'Szatmárcseke'),
(2917, '2656', 'Szátok'),
(2918, '9938', 'Szatta'),
(2919, '6763', 'Szatymaz'),
(2920, '7813', 'Szava'),
(2921, '2440', 'Százhalombatta'),
(2922, '7725', 'Szebény'),
(2923, '2692', 'Szécsénke'),
(2924, '3170', 'Szécsény'),
(2925, '3135', 'Szécsényfelfalu'),
(2926, '8879', 'Szécsisziget'),
(2927, '7751', 'Szederkény'),
(2928, '7056', 'Szedres'),
(2929, '6757', 'Szeged'),
(2930, '6791', 'Szeged'),
(2931, '6710', 'Szeged'),
(2932, '6771', 'Szeged'),
(2933, '6753', 'Szeged'),
(2934, '6700', 'Szeged'),
(2935, '6720', 'Szeged'),
(2936, '6721', 'Szeged'),
(2937, '6722', 'Szeged'),
(2938, '6723', 'Szeged'),
(2939, '6724', 'Szeged'),
(2940, '6725', 'Szeged'),
(2941, '6726', 'Szeged'),
(2942, '6727', 'Szeged'),
(2943, '6728', 'Szeged'),
(2944, '6729', 'Szeged'),
(2945, '8732', 'Szegerdő'),
(2946, '5520', 'Szeghalom'),
(2947, '3918', 'Szegi'),
(2948, '3918', 'Szegilong'),
(2949, '6635', 'Szegvár'),
(2950, '4534', 'Székely'),
(2951, '7737', 'Székelyszabar'),
(2952, '8019', 'Székesfehérvár'),
(2953, '8000', 'Székesfehérvár'),
(2954, '6821', 'Székkutas'),
(2955, '7100', 'Szekszárd'),
(2956, '9622', 'Szeleste'),
(2957, '5476', 'Szelevény'),
(2958, '7661', 'Szellő'),
(2959, '7763', 'Szemely'),
(2960, '9685', 'Szemenye'),
(2961, '3866', 'Szemere'),
(2962, '2640', 'Szendehely'),
(2963, '3752', 'Szendrő'),
(2964, '3751', 'Szendrőlád'),
(2965, '7477', 'Szenna'),
(2966, '8849', 'Szenta'),
(2967, '8272', 'Szentantalfa'),
(2968, '7472', 'Szentbalázs'),
(2969, '8281', 'Szentbékkálla'),
(2970, '7918', 'Szentborbás'),
(2971, '7913', 'Szentdénes'),
(2972, '3259', 'Szentdomonkos'),
(2973, '2655', 'Szente'),
(2974, '7915', 'Szentegát'),
(2975, '2000', 'Szentendre'),
(2976, '6600', 'Szentes'),
(2977, '8444', 'Szentgál'),
(2978, '7465', 'Szentgáloskér'),
(2979, '9981', 'Szentgotthárd'),
(2980, '9955', 'Szentgotthárd'),
(2981, '9970', 'Szentgotthárd'),
(2982, '8393', 'Szentgyörgyvár'),
(2983, '8975', 'Szentgyörgyvölgy'),
(2984, '8475', 'Szentimrefalva'),
(2985, '3418', 'Szentistván'),
(2986, '3844', 'Szentistvánbaksa'),
(2987, '8272', 'Szentjakabfa'),
(2988, '7681', 'Szentkatalin'),
(2989, '6031', 'Szentkirály'),
(2990, '8225', 'Szentkirályszabadja'),
(2991, '8947', 'Szentkozmadombja'),
(2992, '7936', 'Szentlászló'),
(2993, '8893', 'Szentliszló'),
(2994, '7940', 'Szentlőrinc'),
(2995, '2255', 'Szentlőrinckáta'),
(2996, '8872', 'Szentmargitfalva'),
(2997, '2254', 'Szentmártonkáta'),
(2998, '9799', 'Szentpéterfa'),
(2999, '8953', 'Szentpéterfölde'),
(3000, '4121', 'Szentpéterszeg'),
(3001, '8762', 'Szentpéterúr'),
(3002, '8717', 'Szenyér'),
(3003, '8861', 'Szepetnek'),
(3004, '9125', 'Szerecseny'),
(3005, '6512', 'Szeremle'),
(3006, '3900', 'Szerencs'),
(3007, '4162', 'Szerep'),
(3008, '4163', 'Szerep'),
(3009, '9523', 'Szergény'),
(3010, '2321', 'Szigetbecse'),
(3011, '2317', 'Szigetcsép'),
(3012, '2315', 'Szigethalom'),
(3013, '2015', 'Szigetmonostor'),
(3014, '2318', 'Szigetszentmárton'),
(3015, '2310', 'Szigetszentmiklós'),
(3016, '2319', 'Szigetújfalu'),
(3017, '7900', 'Szigetvár'),
(3018, '8264', 'Szigliget'),
(3019, '3377', 'Szihalom'),
(3020, '8969', 'Szijártóháza'),
(3021, '3800', 'Szikszó'),
(3022, '9326', 'Szil'),
(3023, '7664', 'Szilágy'),
(3024, '3125', 'Szilaspogony'),
(3025, '9312', 'Szilsárkány'),
(3026, '8986', 'Szilvágy'),
(3027, '7811', 'Szilvás'),
(3028, '7477', 'Szilvásszentmárton'),
(3029, '3348', 'Szilvásvárad'),
(3030, '3761', 'Szin'),
(3031, '3761', 'Szinpetri'),
(3032, '3044', 'Szirák'),
(3033, '3711', 'Szirmabesenyő'),
(3034, '2628', 'Szob'),
(3035, '8452', 'Szőc'),
(3036, '9935', 'Szőce'),
(3037, '2134', 'Sződ'),
(3038, '2133', 'Sződliget'),
(3039, '3762', 'Szögliget'),
(3040, '7833', 'Szőke'),
(3041, '7763', 'Szőkéd'),
(3042, '8736', 'Szőkedencs'),
(3043, '2624', 'Szokolya'),
(3044, '8625', 'Szólád'),
(3045, '5008', 'Szolnok'),
(3046, '5000', 'Szolnok'),
(3047, '3757', 'Szőlősardó'),
(3048, '8692', 'Szőlősgyörök'),
(3049, '9707', 'Szombathely'),
(3050, '9719', 'Szombathely'),
(3051, '9700', 'Szombathely'),
(3052, '2896', 'Szomód'),
(3053, '3411', 'Szomolya'),
(3054, '2822', 'Szomor'),
(3055, '7976', 'Szörény'),
(3056, '7285', 'Szorosad'),
(3057, '3341', 'Szúcs'),
(3058, '3034', 'Szűcsi'),
(3059, '2699', 'Szügy'),
(3060, '3154', 'Szuha'),
(3061, '3726', 'Szuhafő'),
(3062, '3731', 'Szuhakálló'),
(3063, '3734', 'Szuhogy'),
(3064, '7932', 'Szulimán'),
(3065, '7539', 'Szulok'),
(3066, '7735', 'Szűr'),
(3067, '3064', 'Szurdokpüspöki'),
(3068, '8660', 'Tab'),
(3069, '8088', 'Tabajd'),
(3070, '6224', 'Tabdi'),
(3071, '2381', 'Táborfalva'),
(3072, '8121', 'Tác'),
(3073, '8272', 'Tagyon'),
(3074, '2022', 'Tahitótfalu'),
(3075, '2021', 'Tahitótfalu'),
(3076, '8541', 'Takácsi'),
(3077, '4845', 'Tákos'),
(3078, '2335', 'Taksony'),
(3079, '3926', 'Taktabáj'),
(3080, '3922', 'Taktaharkány'),
(3081, '3924', 'Taktakenéz'),
(3082, '3921', 'Taktaszada'),
(3083, '8295', 'Taliándörögd'),
(3084, '3907', 'Tállya'),
(3085, '7091', 'Tamási'),
(3086, '7090', 'Tamási'),
(3087, '9762', 'Tanakajd'),
(3088, '9095', 'Táp'),
(3089, '2764', 'Tápióbicske'),
(3090, '2767', 'Tápiógyörgye'),
(3091, '2253', 'Tápióság'),
(3092, '2251', 'Tápiószecső'),
(3093, '2766', 'Tápiószele'),
(3094, '2711', 'Tápiószentmárton'),
(3095, '2769', 'Tápiószőlős'),
(3096, '9761', 'Táplánszentkereszt'),
(3097, '8297', 'Tapolca'),
(3098, '8300', 'Tapolca'),
(3099, '8718', 'Tapsony'),
(3100, '9094', 'Tápszentmiklós'),
(3101, '3073', 'Tar'),
(3102, '7514', 'Tarany'),
(3103, '3915', 'Tarcal'),
(3104, '3416', 'Tard'),
(3105, '3644', 'Tardona'),
(3106, '2834', 'Tardos'),
(3107, '5641', 'Tarhos'),
(3108, '2831', 'Tarján'),
(3109, '9092', 'Tarjánpuszta'),
(3110, '2945', 'Tárkány'),
(3111, '3369', 'Tarnabod'),
(3112, '3258', 'Tarnalelesz'),
(3113, '3284', 'Tarnaméra'),
(3114, '3294', 'Tarnaörs'),
(3115, '3331', 'Tarnaszentmária'),
(3116, '3382', 'Tarnaszentmiklós'),
(3117, '3283', 'Tarnazsadány'),
(3118, '2461', 'Tárnok'),
(3119, '9165', 'Tárnokréti'),
(3120, '4931', 'Tarpa'),
(3121, '7362', 'Tarrós'),
(3122, '8696', 'Táska'),
(3123, '6098', 'Tass'),
(3124, '7261', 'Taszár'),
(3125, '2534', 'Tát'),
(3126, '2835', 'Tata'),
(3127, '2890', 'Tata'),
(3128, '2800', 'Tatabánya'),
(3129, '6451', 'Tataháza'),
(3130, '2375', 'Tatárszentgyörgy'),
(3131, '6236', 'Tázlár'),
(3132, '4243', 'Téglás'),
(3133, '7381', 'Tékes'),
(3134, '7973', 'Teklafalu'),
(3135, '9812', 'Telekes'),
(3136, '5675', 'Telekgerendás'),
(3137, '8626', 'Teleki'),
(3138, '2089', 'Telki'),
(3139, '3896', 'Telkibánya'),
(3140, '7054', 'Tengelic'),
(3141, '7834', 'Tengeri'),
(3142, '8668', 'Tengőd'),
(3143, '3359', 'Tenk'),
(3144, '9111', 'Tényő'),
(3145, '4132', 'Tépe'),
(3146, '4342', 'Terem'),
(3147, '2696', 'Terény'),
(3148, '2652', 'Tereske'),
(3149, '3757', 'Teresztenye'),
(3150, '3334', 'Terpes'),
(3151, '8109', 'Tés'),
(3152, '2635', 'Tésa'),
(3153, '7843', 'Tésenfa'),
(3154, '7834', 'Téseny'),
(3155, '8991', 'Teskánd'),
(3156, '9100', 'Tét'),
(3157, '4184', 'Tetétlen'),
(3158, '7181', 'Tevel'),
(3159, '3423', 'Tibolddaróc'),
(3160, '4353', 'Tiborszállás'),
(3161, '8237', 'Tihany'),
(3162, '8731', 'Tikos'),
(3163, '8782', 'Tilaj'),
(3164, '4466', 'Timár'),
(3165, '2086', 'Tinnye'),
(3166, '4833', 'Tiszaadony'),
(3167, '6066', 'Tiszaalpár'),
(3168, '6067', 'Tiszaalpár'),
(3169, '3465', 'Tiszabábolna'),
(3170, '4951', 'Tiszabecs'),
(3171, '4474', 'Tiszabercel'),
(3172, '4624', 'Tiszabezdéd'),
(3173, '5232', 'Tiszabő'),
(3174, '5235', 'Tiszabura'),
(3175, '4947', 'Tiszacsécse'),
(3176, '4066', 'Tiszacsege'),
(3177, '3972', 'Tiszacsermely'),
(3178, '4455', 'Tiszadada'),
(3179, '5243', 'Tiszaderzs'),
(3180, '4456', 'Tiszadob'),
(3181, '3466', 'Tiszadorogma'),
(3182, '4446', 'Tiszaeszlár'),
(3183, '4464', 'Tiszaeszlár'),
(3184, '5461', 'Tiszaföldvár'),
(3185, '5430', 'Tiszaföldvár'),
(3186, '5359', 'Tiszafüred'),
(3187, '5358', 'Tiszafüred'),
(3188, '5244', 'Tiszafüred'),
(3189, '5350', 'Tiszafüred'),
(3190, '5233', 'Tiszagyenda'),
(3191, '4097', 'Tiszagyulaháza'),
(3192, '5361', 'Tiszaigar'),
(3193, '5464', 'Tiszainoka'),
(3194, '5094', 'Tiszajenő'),
(3195, '4493', 'Tiszakanyár'),
(3196, '3971', 'Tiszakarád'),
(3197, '6062', 'Tiszakécske'),
(3198, '6060', 'Tiszakécske'),
(3199, '4834', 'Tiszakerecseny'),
(3200, '3458', 'Tiszakeszi'),
(3201, '4946', 'Tiszakóród'),
(3202, '5472', 'Tiszakürt'),
(3203, '5471', 'Tiszakürt'),
(3204, '3929', 'Tiszaladány'),
(3205, '4447', 'Tiszalök'),
(3206, '4450', 'Tiszalök'),
(3207, '3565', 'Tiszalúc'),
(3208, '4645', 'Tiszamogyorós'),
(3209, '4463', 'Tiszanagyfalu'),
(3210, '3385', 'Tiszanána'),
(3211, '5362', 'Tiszaörs'),
(3212, '3587', 'Tiszapalkonya'),
(3213, '5211', 'Tiszapüspöki'),
(3214, '4503', 'Tiszarád'),
(3215, '5234', 'Tiszaroff'),
(3216, '5474', 'Tiszasas'),
(3217, '5061', 'Tiszasüly'),
(3218, '4831', 'Tiszaszalka'),
(3219, '5323', 'Tiszaszentimre'),
(3220, '5322', 'Tiszaszentimre'),
(3221, '4628', 'Tiszaszentmárton'),
(3222, '6756', 'Tiszasziget'),
(3223, '3928', 'Tiszatardos'),
(3224, '3589', 'Tiszatarján'),
(3225, '4486', 'Tiszatelek'),
(3226, '4487', 'Tiszatelek'),
(3227, '5082', 'Tiszatenyő'),
(3228, '6064', 'Tiszaug'),
(3229, '3580', 'Tiszaújváros'),
(3230, '3464', 'Tiszavalk'),
(3231, '5095', 'Tiszavárkony'),
(3232, '5092', 'Tiszavárkony'),
(3233, '4440', 'Tiszavasvári'),
(3234, '4832', 'Tiszavid'),
(3235, '4969', 'Tisztaberek'),
(3236, '4921', 'Tivadar'),
(3237, '2252', 'Tóalmás'),
(3238, '3354', 'Tófalu'),
(3239, '8946', 'Tófej'),
(3240, '7348', 'Tófű'),
(3241, '2073', 'Tök'),
(3242, '3910', 'Tokaj'),
(3243, '2531', 'Tokod'),
(3244, '2532', 'Tokodaltáró'),
(3245, '2316', 'Tököl'),
(3246, '9561', 'Tokorcs'),
(3247, '3934', 'Tolcsva'),
(3248, '4117', 'Told'),
(3249, '2657', 'Tolmács'),
(3250, '7131', 'Tolna'),
(3251, '7130', 'Tolna'),
(3252, '7083', 'Tolnanémedi'),
(3253, '9086', 'Töltéstava'),
(3254, '5324', 'Tomajmonostora'),
(3255, '3787', 'Tomor'),
(3256, '9738', 'Tömörd'),
(3257, '6646', 'Tömörkény'),
(3258, '6422', 'Tompa'),
(3259, '9662', 'Tompaládony'),
(3260, '2463', 'Tordas'),
(3261, '8876', 'Tormafölde'),
(3262, '7383', 'Tormás'),
(3263, '9736', 'Tormásliget'),
(3264, '3765', 'Tornabarakony'),
(3265, '3761', 'Tornakápolna'),
(3266, '3767', 'Tornanádaska'),
(3267, '3765', 'Tornaszentandrás'),
(3268, '3769', 'Tornaszentjakab'),
(3269, '8877', 'Tornyiszentmiklós'),
(3270, '3877', 'Tornyosnémeti'),
(3271, '4642', 'Tornyospálca'),
(3272, '2045', 'Törökbálint'),
(3273, '7285', 'Törökkoppány'),
(3274, '5212', 'Törökszentmiklós'),
(3275, '5200', 'Törökszentmiklós'),
(3276, '9791', 'Torony'),
(3277, '2747', 'Törtel'),
(3278, '8660', 'Torvaj'),
(3279, '5091', 'Tószeg'),
(3280, '5940', 'Tótkomlós'),
(3281, '7981', 'Tótszentgyörgy'),
(3282, '8865', 'Tótszentmárton'),
(3283, '8864', 'Tótszerdahely'),
(3284, '7755', 'Töttös'),
(3285, '7918', 'Tótújfalu'),
(3286, '8246', 'Tótvázsony'),
(3287, '3724', 'Trizs'),
(3288, '4731', 'Tunyogmatolcs'),
(3289, '2194', 'Tura'),
(3290, '4944', 'Túristvándi'),
(3291, '8796', 'Türje'),
(3292, '5420', 'Túrkeve'),
(3293, '7811', 'Túrony'),
(3294, '4968', 'Túrricse'),
(3295, '8477', 'Tüskevár'),
(3296, '4623', 'Tuzsér'),
(3297, '4762', 'Tyukod'),
(3298, '7718', 'Udvar'),
(3299, '7066', 'Udvari'),
(3300, '8564', 'Ugod'),
(3301, '2066', 'Újbarok'),
(3302, '3716', 'Újcsanálos'),
(3303, '4491', 'Újdombrád'),
(3304, '4244', 'Újfehértó'),
(3305, '2367', 'Újhartyán'),
(3306, '4146', 'Újiráz'),
(3307, '7095', 'Újireg'),
(3308, '4635', 'Újkenéz'),
(3309, '9472', 'Újkér'),
(3310, '5661', 'Újkígyós'),
(3311, '2724', 'Újlengyel'),
(3312, '4288', 'Újléta'),
(3313, '3387', 'Újlőrincfalva'),
(3314, '7766', 'Újpetre'),
(3315, '9244', 'Újrónafő'),
(3316, '6320', 'Újsolt'),
(3317, '5727', 'Újszalonta'),
(3318, '5052', 'Újszász'),
(3319, '6754', 'Újszentiván'),
(3320, '4065', 'Újszentmargita'),
(3321, '2768', 'Újszilvás'),
(3322, '6337', 'Újtelek'),
(3323, '4096', 'Újtikos'),
(3324, '8778', 'Újudvar'),
(3325, '7436', 'Újvárfalva'),
(3326, '8347', 'Ukk'),
(3327, '6794', 'Üllés'),
(3328, '2225', 'Üllő'),
(3329, '9464', 'Und'),
(3330, '2528', 'Úny'),
(3331, '3622', 'Uppony'),
(3332, '4763', 'Ura'),
(3333, '9651', 'Uraiújfalu'),
(3334, '8142', 'Úrhida'),
(3335, '2244', 'Úri'),
(3336, '8409', 'Úrkút'),
(3337, '2096', 'Üröm'),
(3338, '4952', 'Uszka'),
(3339, '6332', 'Uszód'),
(3340, '8321', 'Uzsa'),
(3341, '2600', 'Vác'),
(3342, '2167', 'Vácduka'),
(3343, '2184', 'Vácegres'),
(3344, '2164', 'Váchartyán'),
(3345, '2185', 'Váckisújfalu'),
(3346, '2163', 'Vácrátót'),
(3347, '2115', 'Vácszentlászló'),
(3348, '3636', 'Vadna'),
(3349, '9346', 'Vadosfa'),
(3350, '9327', 'Vág'),
(3351, '3992', 'Vágáshuta'),
(3352, '4562', 'Vaja'),
(3353, '3961', 'Vajdácska'),
(3354, '7838', 'Vajszló'),
(3355, '7041', 'Vajta'),
(3356, '2473', 'Vál'),
(3357, '2114', 'Valkó'),
(3358, '8885', 'Valkonya'),
(3359, '4351', 'Vállaj'),
(3360, '8316', 'Vállus'),
(3361, '4936', 'Vámosatya'),
(3362, '9665', 'Vámoscsalád'),
(3363, '3291', 'Vámosgyörk'),
(3364, '2635', 'Vámosmikola'),
(3365, '4966', 'Vámosoroszi'),
(3366, '4287', 'Vámospércs'),
(3367, '9061', 'Vámosszabadi'),
(3368, '3941', 'Vámosújfalu'),
(3369, '4119', 'Váncsod'),
(3370, '2688', 'Vanyarc'),
(3371, '8552', 'Vanyola'),
(3372, '7973', 'Várad'),
(3373, '7354', 'Váralja'),
(3374, '8723', 'Varászló'),
(3375, '3254', 'Váraszó'),
(3376, '9243', 'Várbalog'),
(3377, '3778', 'Varbó'),
(3378, '3756', 'Varbóc'),
(3379, '7442', 'Várda'),
(3380, '7146', 'Várdomb'),
(3381, '8891', 'Várfölde'),
(3382, '7370', 'Varga'),
(3383, '2824', 'Várgesztes'),
(3384, '8523', 'Várkesző'),
(3385, '7214', 'Várong'),
(3386, '6033', 'Városföld'),
(3387, '8445', 'Városlőd'),
(3388, '8103', 'Várpalota'),
(3389, '8104', 'Várpalota'),
(3390, '8100', 'Várpalota'),
(3391, '7067', 'Varsád'),
(3392, '3178', 'Varsány'),
(3393, '8316', 'Várvölgy'),
(3394, '2211', 'Vasad'),
(3395, '9921', 'Vasalja'),
(3396, '7926', 'Vásárosbéc'),
(3397, '7362', 'Vásárosdombó'),
(3398, '9343', 'Vásárosfalu'),
(3399, '9552', 'Vásárosmiske'),
(3400, '4803', 'Vásárosnamény'),
(3401, '4804', 'Vásárosnamény'),
(3402, '4800', 'Vásárosnamény'),
(3403, '9744', 'Vasasszonyfa'),
(3404, '8914', 'Vasboldogasszony'),
(3405, '9661', 'Vasegerszeg'),
(3406, '9674', 'Vashosszúfalu'),
(3407, '9795', 'Vaskeresztes'),
(3408, '6521', 'Vaskút'),
(3409, '4502', 'Vasmegyer'),
(3410, '8998', 'Vaspör'),
(3411, '9741', 'Vassurány'),
(3412, '8245', 'Vászoly'),
(3413, '9763', 'Vasszécseny'),
(3414, '9953', 'Vasszentmihály'),
(3415, '9747', 'Vasszilvágy'),
(3416, '9800', 'Vasvár'),
(3417, '8542', 'Vaszar'),
(3418, '9748', 'Vát'),
(3419, '3431', 'Vatta'),
(3420, '7370', 'Vázsnok'),
(3421, '3265', 'Vécs'),
(3422, '2220', 'Vecsés'),
(3423, '5811', 'Végegyháza'),
(3424, '7838', 'Vejti'),
(3425, '7333', 'Vékény'),
(3426, '4143', 'Vekerd'),
(3427, '9726', 'Velem'),
(3428, '9946', 'Velemér'),
(3429, '2481', 'Velence'),
(3430, '7951', 'Velény'),
(3431, '7726', 'Véménd'),
(3432, '9062', 'Vének'),
(3433, '9751', 'Vép'),
(3434, '2477', 'Vereb'),
(3435, '2112', 'Veresegyház'),
(3436, '2621', 'Verőce'),
(3437, '3351', 'Verpelét'),
(3438, '2174', 'Verseg'),
(3439, '7752', 'Versend'),
(3440, '8089', 'Vértesacsa'),
(3441, '8085', 'Vértesboglár'),
(3442, '2859', 'Vérteskethely'),
(3443, '2823', 'Vértessomló'),
(3444, '2833', 'Vértestolna'),
(3445, '2837', 'Vértesszőlős'),
(3446, '8721', 'Vése'),
(3447, '9352', 'Veszkény'),
(3448, '8412', 'Veszprém'),
(3449, '8411', 'Veszprém'),
(3450, '8200', 'Veszprém'),
(3451, '8248', 'Veszprémfajsz'),
(3452, '8475', 'Veszprémgalsa'),
(3453, '8438', 'Veszprémvarsány'),
(3454, '5530', 'Vésztő'),
(3455, '5093', 'Vezseny'),
(3456, '8484', 'Vid'),
(3457, '8294', 'Vigántpetend'),
(3458, '7773', 'Villány'),
(3459, '7772', 'Villánykövesd'),
(3460, '3891', 'Vilmány'),
(3461, '8194', 'Vilonya'),
(3462, '3991', 'Vilyvitány'),
(3463, '9535', 'Vinár'),
(3464, '8354', 'Vindornyafok'),
(3465, '8353', 'Vindornyalak'),
(3466, '8355', 'Vindornyaszőlős'),
(3467, '2026', 'Visegrád'),
(3468, '2025', 'Visegrád'),
(3469, '7533', 'Visnye'),
(3470, '3272', 'Visonta'),
(3471, '3271', 'Visonta'),
(3472, '3956', 'Viss'),
(3473, '8681', 'Visz'),
(3474, '9932', 'Viszák'),
(3475, '3825', 'Viszló'),
(3476, '3293', 'Visznek'),
(3477, '9371', 'Vitnyéd'),
(3478, '7588', 'Vízvár'),
(3479, '3128', 'Vizslás'),
(3480, '3888', 'Vizsoly'),
(3481, '7768', 'Vokány'),
(3482, '8314', 'Vonyarcvashegy'),
(3483, '8931', 'Vöckönd'),
(3484, '9462', 'Völcsej'),
(3485, '9516', 'Vönöck'),
(3486, '8291', 'Vöröstó'),
(3487, '8711', 'Vörs'),
(3488, '3124', 'Zabar'),
(3489, '7976', 'Zádor'),
(3490, '3726', 'Zádorfalva'),
(3491, '5051', 'Zagyvarékas'),
(3492, '3031', 'Zagyvaszántó'),
(3493, '4625', 'Záhony'),
(3494, '8868', 'Zajk'),
(3495, '4974', 'Zajta'),
(3496, '8853', 'Zákány'),
(3497, '6787', 'Zákányszék'),
(3498, '8660', 'Zala'),
(3499, '8741', 'Zalaapáti'),
(3500, '8971', 'Zalabaksa'),
(3501, '8798', 'Zalabér'),
(3502, '8992', 'Zalaboldogfa'),
(3503, '8782', 'Zalacsány'),
(3504, '8996', 'Zalacséb'),
(3505, '8900', 'Zalaegerszeg'),
(3506, '8344', 'Zalaerdőd'),
(3507, '8349', 'Zalagyömörő'),
(3508, '8308', 'Zalahaláp'),
(3509, '8997', 'Zalaháshágy'),
(3510, '8761', 'Zalaigrice'),
(3511, '8932', 'Zalaistvánd'),
(3512, '8749', 'Zalakaros'),
(3513, '8751', 'Zalakomár'),
(3514, '8752', 'Zalakomár'),
(3515, '8354', 'Zalaköveskút'),
(3516, '8999', 'Zalalövő'),
(3517, '8348', 'Zalameggyes'),
(3518, '8747', 'Zalamerenye'),
(3519, '8756', 'Zalasárszeg'),
(3520, '8743', 'Zalaszabar'),
(3521, '8353', 'Zalaszántó'),
(3522, '8476', 'Zalaszegvár'),
(3523, '8772', 'Zalaszentbalázs'),
(3524, '8795', 'Zalaszentgrót'),
(3525, '8793', 'Zalaszentgrót'),
(3526, '8785', 'Zalaszentgrót'),
(3527, '8789', 'Zalaszentgrót'),
(3528, '8790', 'Zalaszentgrót'),
(3529, '8994', 'Zalaszentgyörgy'),
(3530, '8921', 'Zalaszentiván'),
(3531, '8827', 'Zalaszentjakab'),
(3532, '8788', 'Zalaszentlászló'),
(3533, '8921', 'Zalaszentlőrinc'),
(3534, '8764', 'Zalaszentmárton'),
(3535, '8936', 'Zalaszentmihály'),
(3536, '8969', 'Zalaszombatfa'),
(3537, '7839', 'Zaláta'),
(3538, '8947', 'Zalatárnok'),
(3539, '8822', 'Zalaújlak'),
(3540, '8392', 'Zalavár'),
(3541, '8792', 'Zalavég'),
(3542, '3957', 'Zalkod'),
(3543, '8621', 'Zamárdi'),
(3544, '8081', 'Zámoly'),
(3545, '8251', 'Zánka'),
(3546, '3296', 'Zaránk'),
(3547, '7182', 'Závod'),
(3548, '8957', 'Zebecke'),
(3549, '2627', 'Zebegény'),
(3550, '3977', 'Zemplénagárd'),
(3551, '7720', 'Zengővárkony'),
(3552, '8112', 'Zichyújfalu'),
(3553, '8672', 'Zics'),
(3554, '3794', 'Ziliz'),
(3555, '7471', 'Zimány'),
(3556, '8420', 'Zirc'),
(3557, '7671', 'Zók'),
(3558, '7173', 'Zomba'),
(3559, '5537', 'Zsadány'),
(3560, '4142', 'Zsáka'),
(3561, '2072', 'Zsámbék'),
(3562, '2116', 'Zsámbok'),
(3563, '6411', 'Zsana'),
(3564, '4961', 'Zsarolyán'),
(3565, '9346', 'Zsebeháza'),
(3566, '9635', 'Zsédeny'),
(3567, '7477', 'Zselickisfalud'),
(3568, '7400', 'Zselickislak'),
(3569, '7474', 'Zselicszentpál'),
(3570, '9766', 'Zsennye'),
(3571, '9476', 'Zsira'),
(3572, '6792', 'Zsombó'),
(3573, '3897', 'Zsujta'),
(3574, '4627', 'Zsurk'),
(3575, '3723', 'Zubogy');

-- --------------------------------------------------------

--
-- Tábla szerkezet ehhez a táblához `color`
--

DROP TABLE IF EXISTS `color`;
CREATE TABLE IF NOT EXISTS `color` (
  `id` int(11) NOT NULL,
  `name` varchar(250) CHARACTER SET utf8 COLLATE utf8_general_ci NOT NULL,
  PRIMARY KEY (`id`),
  UNIQUE KEY `name` (`name`) USING BTREE
) ENGINE=MyISAM AUTO_INCREMENT=3 DEFAULT CHARSET=utf8;

--
-- A tábla adatainak kiíratása `color`
--

INSERT INTO `color` (`id`, `name`) VALUES
(0, 'Nincs információ'),
(1, 'Feketetarka'),
(2, 'Vöröstarka\r\n'),
(3, 'Fekete-vörös\r\n'),
(4, 'Zsemletarka');

-- --------------------------------------------------------

--
-- Tábla szerkezet ehhez a táblához `country`
--

DROP TABLE IF EXISTS `country`;
CREATE TABLE IF NOT EXISTS `country` (
  `iso2` char(2) NOT NULL,
  `name` varchar(250) NOT NULL,
  PRIMARY KEY (`iso2`),
  UNIQUE KEY `iso2` (`iso2`)
) ENGINE=MyISAM DEFAULT CHARSET=utf8;

--
-- A tábla adatainak kiíratása `country`
--

INSERT INTO `country` (`iso2`, `name`) VALUES
('HU', 'Magyarország');

-- --------------------------------------------------------

--
-- Tábla szerkezet ehhez a táblához `county`
--

DROP TABLE IF EXISTS `county`;
CREATE TABLE IF NOT EXISTS `county` (
  `id` int(11) NOT NULL AUTO_INCREMENT,
  `name` varchar(250) NOT NULL,
  PRIMARY KEY (`id`)
) ENGINE=MyISAM AUTO_INCREMENT=21 DEFAULT CHARSET=utf8;

--
-- A tábla adatainak kiíratása `county`
--

INSERT INTO `county` (`id`, `name`) VALUES
(2, 'Heves'),
(3, 'Bács-Kiskun'),
(4, 'Baranya'),
(5, 'Békés'),
(6, 'Borsod-Abaúj-Zemplén'),
(7, 'Csongrád-Csanád'),
(8, 'Fejér'),
(9, 'Győr-Moson-Sopron'),
(10, 'Hajdú-Bihar'),
(11, 'Jász-Nagykun-Szolnok'),
(12, 'Komárom-Esztergom'),
(13, 'Nógrád'),
(14, 'Pest'),
(15, 'Somogy'),
(16, 'Szabolcs-Szatmár-Bereg'),
(17, 'Tolna'),
(18, 'Vas'),
(19, 'Veszprém'),
(20, 'Zala');

-- --------------------------------------------------------

--
-- Tábla szerkezet ehhez a táblához `holding_place`
--

DROP TABLE IF EXISTS `holding_place`;
CREATE TABLE IF NOT EXISTS `holding_place` (
  `id` int(11) NOT NULL,
  `country_iso2` char(2) NOT NULL,
  `county_id` int(11) NOT NULL,
  `city_id` int(11) NOT NULL,
  `street` varchar(250) NOT NULL,
  `breeding_type` int(11) DEFAULT NULL,
  `user_vet_id` int(11) DEFAULT NULL,
  `isActive` tinyint(1) NOT NULL,
  PRIMARY KEY (`id`),
  KEY `FK_holding_place_country_iso2` (`country_iso2`),
  KEY `FK_holding_place_county_id` (`county_id`),
  KEY `FK_holding_place_city_id` (`city_id`),
  KEY `FK_holding_place_breeding_type_id` (`breeding_type`) USING BTREE,
  KEY `FK_user_user_vet_id` (`user_vet_id`)
) ENGINE=MyISAM AUTO_INCREMENT=4 DEFAULT CHARSET=utf8;

--
-- A tábla adatainak kiíratása `holding_place`
--

INSERT INTO `holding_place` (`id`, `country_iso2`, `county_id`, `city_id`, `street`, `breeding_type`, `user_vet_id`, `isActive`) VALUES
(1, 'HU', 11, 3046, 'Széchenyi út 15.', 1, 14, 0),
(2, 'HU', 2, 868, 'Széchenyi út 15.', 1, 14, 0),
(4, 'HU', 2, 1227, 'Kenyer út 10', NULL, 14, 0);

-- --------------------------------------------------------

--
-- Tábla szerkezet ehhez a táblához `holding_place_has_breeding`
--

DROP TABLE IF EXISTS `holding_place_has_breeding`;
CREATE TABLE IF NOT EXISTS `holding_place_has_breeding` (
  `id` int(11) NOT NULL AUTO_INCREMENT,
  `holding_place_id` int(11) NOT NULL,
  `breeding_id` int(11) NOT NULL,
  PRIMARY KEY (`id`),
  KEY `FK_holding_place_id` (`holding_place_id`),
  KEY `FK_breeding_id` (`breeding_id`)
) ENGINE=MyISAM AUTO_INCREMENT=6 DEFAULT CHARSET=utf8;

--
-- A tábla adatainak kiíratása `holding_place_has_breeding`
--

INSERT INTO `holding_place_has_breeding` (`id`, `holding_place_id`, `breeding_id`) VALUES
(1, 1, 476836),
(2, 2, 490797),
(3, 4, 460510),
(4, 2, 460520),
(5, 1, 460530);

-- --------------------------------------------------------

--
-- Tábla szerkezet ehhez a táblához `holding_place_has_capacity`
--

DROP TABLE IF EXISTS `holding_place_has_capacity`;
CREATE TABLE IF NOT EXISTS `holding_place_has_capacity` (
  `id` int(11) NOT NULL AUTO_INCREMENT,
  `holding_place_id` int(11) NOT NULL,
  `capacity_type` int(11) NOT NULL,
  `size` int(11) NOT NULL,
  `start_date` bigint(20) NOT NULL,
  PRIMARY KEY (`id`),
  KEY `FK_holding_place_id` (`holding_place_id`),
  KEY `FK_capacity_type` (`capacity_type`)
) ENGINE=MyISAM AUTO_INCREMENT=5 DEFAULT CHARSET=utf8;

--
-- A tábla adatainak kiíratása `holding_place_has_capacity`
--

INSERT INTO `holding_place_has_capacity` (`id`, `holding_place_id`, `capacity_type`, `size`, `start_date`) VALUES
(1, 1, 3, 3, 1612789382200),
(2, 1, 4, 350, 1612789382200),
(4, 2, 2, 300, 1614812400000);

-- --------------------------------------------------------

--
-- Tábla szerkezet ehhez a táblához `holding_place_has_parcel_number`
--

DROP TABLE IF EXISTS `holding_place_has_parcel_number`;
CREATE TABLE IF NOT EXISTS `holding_place_has_parcel_number` (
  `id` int(11) NOT NULL AUTO_INCREMENT,
  `holding_place_id` int(11) NOT NULL,
  `city_id` int(11) NOT NULL,
  `parcel_number` varchar(250) NOT NULL,
  PRIMARY KEY (`id`),
  KEY `FK_holding_place_id` (`holding_place_id`),
  KEY `FK_city_id` (`city_id`)
) ENGINE=MyISAM AUTO_INCREMENT=13 DEFAULT CHARSET=utf8;

--
-- A tábla adatainak kiíratása `holding_place_has_parcel_number`
--

INSERT INTO `holding_place_has_parcel_number` (`id`, `holding_place_id`, `city_id`, `parcel_number`) VALUES
(1, 1, 748, '9880/1'),
(2, 1, 748, '9880/2'),
(3, 1, 1227, '9880/3'),
(9, 4, 1227, '1000/2'),
(8, 4, 1227, '1000/1'),
(7, 4, 1227, '1000/0'),
(10, 1, 868, '5670/01'),
(11, 2, 868, '5670/01'),
(12, 2, 868, '5670/01');

-- --------------------------------------------------------

--
-- Tábla szerkezet ehhez a táblához `holding_place_has_species`
--

DROP TABLE IF EXISTS `holding_place_has_species`;
CREATE TABLE IF NOT EXISTS `holding_place_has_species` (
  `id` int(11) NOT NULL AUTO_INCREMENT,
  `holding_place_id` int(11) NOT NULL,
  `species_id` int(11) NOT NULL,
  `start_date` bigint(20) NOT NULL,
  `utilization` varchar(250) DEFAULT NULL,
  PRIMARY KEY (`id`),
  KEY `FK_holding_place_id` (`holding_place_id`),
  KEY `FK_species_id` (`species_id`)
) ENGINE=MyISAM AUTO_INCREMENT=13 DEFAULT CHARSET=utf8;

--
-- A tábla adatainak kiíratása `holding_place_has_species`
--

INSERT INTO `holding_place_has_species` (`id`, `holding_place_id`, `species_id`, `start_date`, `utilization`) VALUES
(1, 1, 1, 1613084400000, ''),
(2, 1, 5, 1613084400000, 'Tojás'),
(10, 2, 5, 1613084400000, 'Tojás'),
(9, 2, 1, 1613084400000, ''),
(8, 4, 1, 1614553200000, '');

-- --------------------------------------------------------

--
-- Tábla szerkezet ehhez a táblához `role`
--

DROP TABLE IF EXISTS `role`;
CREATE TABLE IF NOT EXISTS `role` (
  `id` char(1) NOT NULL,
  `name` varchar(50) NOT NULL,
  PRIMARY KEY (`id`),
  UNIQUE KEY `id` (`id`)
) ENGINE=MyISAM DEFAULT CHARSET=utf8;

--
-- A tábla adatainak kiíratása `role`
--

INSERT INTO `role` (`id`, `name`) VALUES
('1', 'Adminisztrátor'),
('2', 'Állatorvos'),
('3', 'Felhasználó');

-- --------------------------------------------------------

--
-- Tábla szerkezet ehhez a táblához `species`
--

DROP TABLE IF EXISTS `species`;
CREATE TABLE IF NOT EXISTS `species` (
  `id` int(11) NOT NULL AUTO_INCREMENT,
  `name` varchar(250) CHARACTER SET utf8 COLLATE utf8_general_ci NOT NULL,
  `durationOfPregnancy` int(11) DEFAULT NULL,
  PRIMARY KEY (`id`),
  UNIQUE KEY `name` (`name`) USING BTREE
) ENGINE=MyISAM AUTO_INCREMENT=7 DEFAULT CHARSET=utf8;

--
-- A tábla adatainak kiíratása `species`
--

INSERT INTO `species` (`id`, `name`, `durationOfPregnancy`) VALUES
(1, 'Szarvasmarha', 285),
(2, 'Sertés', 115),
(3, 'Juh', 150),
(4, 'Kecske', 150),
(5, 'Baromfi', NULL),
(6, 'Ló', 335);

-- --------------------------------------------------------

--
-- Tábla szerkezet ehhez a táblához `user`
--

DROP TABLE IF EXISTS `user`;
CREATE TABLE IF NOT EXISTS `user` (
  `id` int(11) NOT NULL AUTO_INCREMENT,
  `first_name` varchar(250) NOT NULL,
  `last_name` varchar(250) NOT NULL,
  `email` varchar(250) NOT NULL,
  `password` varchar(250) NOT NULL,
  `phone_number` varchar(50) DEFAULT NULL,
  `country_iso2` char(2) NOT NULL,
  `county_id` int(11) NOT NULL,
  `city_id` int(11) NOT NULL,
  `street` varchar(250) NOT NULL,
  `role_id` int(11) NOT NULL,
  `isActive` tinyint(1) NOT NULL,
  `isAccepted` tinyint(1) DEFAULT NULL,
  PRIMARY KEY (`id`),
  KEY `FK_user_country_iso2` (`country_iso2`),
  KEY `FK_user_county_id` (`county_id`),
  KEY `FK_user_city_id` (`city_id`),
  KEY `FK_user_role_id` (`role_id`)
) ENGINE=MyISAM AUTO_INCREMENT=16 DEFAULT CHARSET=utf8;

--
-- A tábla adatainak kiíratása `user`
--

INSERT INTO `user` (`id`, `first_name`, `last_name`, `email`, `password`, `phone_number`, `country_iso2`, `county_id`, `city_id`, `street`, `role_id`, `isActive`, `isAccepted`) VALUES
(1, 'Zsolt', 'Nagy', 'a@c.hu', '7Xl4', '06302001000', 'HU', 2, 868, 'Széchenyi út 15', 1, 1, 0),
(2, 'István', 'Kis', 'a@v.hu', '7Xl4', '0123', 'HU', 2, 2, 'Körte 2', 1, 1, 0),
(14, 'Ernő', 'Dr. Fügedi', 'drerno@praxis.hu', 'YXNk', '06304445555', 'HU', 2, 868, 'Ipar út 23', 2, 1, 1),
(0, 'Üzenet', 'Rendszer', '', '', NULL, '', 0, 0, '', 0, 0, NULL);

-- --------------------------------------------------------

--
-- Tábla szerkezet ehhez a táblához `user_has_breeding`
--

DROP TABLE IF EXISTS `user_has_breeding`;
CREATE TABLE IF NOT EXISTS `user_has_breeding` (
  `id` int(11) NOT NULL AUTO_INCREMENT,
  `user_id` int(11) NOT NULL,
  `breeding_id` int(11) NOT NULL,
  PRIMARY KEY (`id`),
  KEY `FK_user_has_breeding_user_id` (`user_id`),
  KEY `FK_user_has_breeding_breeding_id` (`breeding_id`)
) ENGINE=MyISAM AUTO_INCREMENT=6 DEFAULT CHARSET=utf8;

--
-- A tábla adatainak kiíratása `user_has_breeding`
--

INSERT INTO `user_has_breeding` (`id`, `user_id`, `breeding_id`) VALUES
(1, 1, 476836),
(2, 2, 490797),
(3, 1, 460510),
(4, 1, 460520),
(5, 1, 460530);

-- --------------------------------------------------------

--
-- Tábla szerkezet ehhez a táblához `user_has_mail`
--

DROP TABLE IF EXISTS `user_has_mail`;
CREATE TABLE IF NOT EXISTS `user_has_mail` (
  `id` int(11) NOT NULL AUTO_INCREMENT,
  `sender_user_id` int(11) NOT NULL,
  `receiver_user_id` int(11) NOT NULL,
  `whendate` bigint(20) NOT NULL,
  `subject` varchar(50) DEFAULT NULL,
  `mail_text` varchar(500) NOT NULL,
  `isNew` tinyint(1) NOT NULL,
  PRIMARY KEY (`id`),
  KEY `FK_user_has_mail_sender_user_id` (`sender_user_id`),
  KEY `FK_user_has_mail_receiver_user_id` (`receiver_user_id`)
) ENGINE=MyISAM AUTO_INCREMENT=81 DEFAULT CHARSET=utf8;

--
-- A tábla adatainak kiíratása `user_has_mail`
--

INSERT INTO `user_has_mail` (`id`, `sender_user_id`, `receiver_user_id`, `whendate`, `subject`, `mail_text`, `isNew`) VALUES
(28, 2, 1, 1612443893205, 'Teszt - 02', 'Teszt üzenet 2.', 0),
(31, 1, 1, 1612789382187, 'Teszt - 03 ', 'Teszt üzenet.\r\n\r\n1. 2. 3. 4. 5.\r\n\r\nÜdv.', 0),
(32, 1, 1, 1612864973983, 'Teszt üzenet - 02.09. - 01', 'Kedves, \r\n\r\nEz egy tesztüzenet.\r\n\r\nÜdv,\r\nXY', 0),
(20, 1, 2, 1612271682232, '2021 - Teszt - 1', 'Ez egy új évi teszt üzenet!', 0),
(23, 2, 1, 1612442195306, 'Alma', 'Nézd meg az almákat!', 0);
COMMIT;

/*!40101 SET CHARACTER_SET_CLIENT=@OLD_CHARACTER_SET_CLIENT */;
/*!40101 SET CHARACTER_SET_RESULTS=@OLD_CHARACTER_SET_RESULTS */;
/*!40101 SET COLLATION_CONNECTION=@OLD_COLLATION_CONNECTION */;
